login,full_name,created_at,stargazers_count,watchers_count,language,has_projects,has_wiki,license_name
kkuchta,kkuchta/amaretto,2013-01-07T01:51:47Z,0,0,Ruby,True,True,
kkuchta,kkuchta/appointmentpalooza,2019-09-22T18:34:24Z,0,0,TypeScript,True,True,
kkuchta,kkuchta/aptible-cli,2016-10-24T01:02:20Z,0,0,Ruby,True,False,MIT License
kkuchta,kkuchta/aws_markov,2018-08-08T22:11:39Z,2,2,HTML,True,True,
kkuchta,kkuchta/blog2,2023-03-19T23:25:21Z,0,0,HTML,True,True,
kkuchta,kkuchta/bub,2016-02-16T05:57:36Z,3,3,Ruby,True,True,MIT License
kkuchta,kkuchta/bubs,2013-06-20T01:27:33Z,0,0,Ruby,True,True,MIT License
kkuchta,kkuchta/bub_bot,2016-11-19T23:54:33Z,0,0,Ruby,True,True,MIT License
kkuchta,kkuchta/canton,2013-01-02T00:52:39Z,0,0,Ruby,True,True,
kkuchta,kkuchta/cc_tools,2015-01-25T21:22:34Z,0,0,CoffeeScript,True,True,
kkuchta,kkuchta/chess_problem,2013-11-17T02:56:47Z,0,0,Ruby,True,True,
kkuchta,kkuchta/child,2012-03-01T01:04:44Z,0,0,,True,True,
kkuchta,kkuchta/coffeewifi,2014-08-17T20:43:47Z,0,0,Ruby,True,True,
kkuchta,kkuchta/css-only-chat,2019-05-07T14:32:58Z,6582,6582,Ruby,True,True,MIT License
kkuchta,kkuchta/dayssinceacryptocurrencyexchangehaslostmorethan100million,2018-02-10T06:56:36Z,0,0,HTML,True,True,
kkuchta,kkuchta/dicey_proposition,2019-09-09T23:34:41Z,0,0,JavaScript,True,True,
kkuchta,kkuchta/druby,2022-11-12T22:11:22Z,2,2,Ruby,True,True,
kkuchta,kkuchta/factorio_hilbert,2020-10-25T04:37:38Z,1,1,Ruby,True,True,
kkuchta,kkuchta/fractals,2018-07-01T18:01:54Z,0,0,JavaScript,True,True,
kkuchta,kkuchta/go-reference,2015-09-13T21:39:29Z,0,0,Go,True,True,
kkuchta,kkuchta/GreedyBotSupreme,2012-05-28T01:12:50Z,0,0,JavaScript,True,True,
kkuchta,kkuchta/haskell_reference,2014-05-21T06:15:36Z,0,0,Haskell,True,True,
kkuchta,kkuchta/haus_takehome,2019-10-02T02:33:19Z,0,0,TypeScript,True,True,
kkuchta,kkuchta/isitfactoriodayyet,2024-07-05T19:21:05Z,1,1,JavaScript,True,True,
kkuchta,kkuchta/kahlua,2012-11-19T03:03:01Z,1,1,JavaScript,True,True,
kkuchta,kkuchta/kindlygofuckthyself.com,2019-12-15T19:33:40Z,0,0,HTML,True,True,
kkuchta,kkuchta/kkuchta.github.com,2012-04-08T00:30:42Z,1,1,HTML,True,True,
kkuchta,kkuchta/kkuchta_vimrc,2011-05-31T18:40:57Z,2,2,VimL,True,True,
kkuchta,kkuchta/KolCrimbotSimulation,2014-12-20T23:09:57Z,0,0,Ruby,True,True,
kkuchta,kkuchta/LemonJuice,2013-05-15T04:53:10Z,0,0,Ruby,True,True,
kkuchta,kkuchta/lyric_bot,2017-07-25T16:42:05Z,3,3,Ruby,True,True,
kkuchta,kkuchta/mitt,2016-12-29T05:29:29Z,1,1,Ruby,True,True,MIT License
kkuchta,kkuchta/nodegame,2013-06-30T22:25:10Z,1,1,Ruby,True,True,
kkuchta,kkuchta/number-go-up,2020-08-03T06:21:41Z,0,0,TypeScript,True,True,
kkuchta,kkuchta/OTest,2012-02-05T19:58:28Z,0,0,Ruby,True,True,
kkuchta,kkuchta/parcel_repro,2020-11-20T23:44:35Z,0,0,HTML,True,True,
kkuchta,kkuchta/parent,2012-03-01T01:03:23Z,0,0,,True,True,
kkuchta,kkuchta/physicsengine,2012-10-31T13:01:17Z,1,1,JavaScript,True,True,
kkuchta,kkuchta/pickaxe.club,2016-02-06T23:46:56Z,0,0,Shell,True,False,
kkuchta,kkuchta/planet_runner,2014-06-29T23:45:33Z,0,0,JavaScript,True,True,
kkuchta,kkuchta/prisma2-docs,2020-04-05T22:59:14Z,0,0,TypeScript,True,False,
kkuchta,kkuchta/QuestionPOC,2014-11-03T07:19:30Z,0,0,Ruby,True,True,
kkuchta,kkuchta/RandomImagur2,2013-07-28T22:53:42Z,18,18,HTML,True,True,
kkuchta,kkuchta/real_aws_status,2018-04-13T07:02:39Z,0,0,JavaScript,True,True,
kkuchta,kkuchta/redwood,2021-01-26T00:40:54Z,0,0,,True,True,MIT License
kkuchta,kkuchta/render_world,2016-01-13T04:37:09Z,0,0,,True,True,
kkuchta,kkuchta/scarr,2018-04-10T06:07:57Z,76,76,Go,True,True,
kkuchta,kkuchta/screambot,2017-05-14T05:10:31Z,0,0,Ruby,True,True,
kkuchta,kkuchta/secret_twitter_book,2022-03-06T00:49:50Z,5,5,Ruby,True,True,
kkuchta,kkuchta/sfclearprices.github.io,2024-06-25T17:36:39Z,0,0,,True,True,
kkuchta,kkuchta/slot_machine,2014-08-06T18:20:16Z,0,0,,True,True,MIT License
kkuchta,kkuchta/stashboard,2013-05-13T17:38:02Z,2,2,Python,True,True,MIT License
kkuchta,kkuchta/tabdb,2019-07-29T14:17:41Z,232,232,TypeScript,True,False,
kkuchta,kkuchta/todo,2020-07-04T18:49:49Z,0,0,Ruby,True,True,
kkuchta,kkuchta/TSpell,2020-09-16T00:16:10Z,180,180,TypeScript,True,True,
kkuchta,kkuchta/url_shortener,2018-03-31T20:17:02Z,47,47,Python,True,True,
kkuchta,kkuchta/vequals,2021-11-08T05:25:59Z,6,6,Ruby,True,True,
kkuchta,kkuchta/Vimbits,2012-02-10T07:00:03Z,82,82,Ruby,True,True,Other
kkuchta,kkuchta/vimbits2,2014-02-22T23:07:29Z,0,0,Ruby,True,True,
kkuchta,kkuchta/voyagefound,2017-02-22T06:08:20Z,2,2,JavaScript,True,True,
kkuchta,kkuchta/wacktrace,2021-08-30T20:16:05Z,3,3,Ruby,True,True,MIT License
loopDelicious,loopDelicious/air-quality,2024-05-17T22:54:43Z,0,0,Python,True,True,
loopDelicious,loopDelicious/ajax,2016-04-29T19:06:51Z,0,0,Python,True,True,
loopDelicious,loopDelicious/altfolio-live,2018-03-12T03:16:49Z,1,1,JavaScript,True,True,MIT License
loopDelicious,loopDelicious/altitude,2020-01-31T23:32:38Z,0,0,Vue,True,True,
loopDelicious,loopDelicious/awesome-spacetraders,2021-10-13T23:10:54Z,0,0,,True,False,
loopDelicious,loopDelicious/awesome-weekly-robotics,2024-04-30T22:42:18Z,0,0,,True,True,
loopDelicious,loopDelicious/big-list-of-naughty-strings,2020-05-07T18:17:29Z,0,0,Python,True,True,MIT License
loopDelicious,loopDelicious/bls,2017-02-17T05:15:22Z,0,0,JavaScript,True,True,
loopDelicious,loopDelicious/bootstrap,2016-04-22T01:07:20Z,1,1,HTML,True,True,
loopDelicious,loopDelicious/calculator-1,2016-04-06T19:36:31Z,0,0,Python,True,True,
loopDelicious,loopDelicious/calculator-2,2016-04-07T01:07:37Z,0,0,Python,True,True,
loopDelicious,loopDelicious/cat-kube,2019-01-04T20:17:35Z,0,0,JavaScript,True,True,
loopDelicious,loopDelicious/cat-kube-chaos,2019-06-10T21:16:49Z,0,0,JavaScript,True,True,
loopDelicious,loopDelicious/cat-kube-stateless,2019-02-21T00:48:05Z,0,0,JavaScript,True,True,
loopDelicious,loopDelicious/cat-url-mangler,2016-06-23T00:40:04Z,0,0,Python,True,True,MIT License
loopDelicious,loopDelicious/commerce,2017-01-10T19:48:56Z,0,0,JavaScript,True,True,
loopDelicious,loopDelicious/computer_stuff,2016-08-24T05:28:30Z,0,0,Shell,True,True,
loopDelicious,loopDelicious/content,2023-08-15T18:10:26Z,0,0,,True,True,Creative Commons Attribution Share Alike 4.0 International
loopDelicious,loopDelicious/converter,2018-02-28T22:08:47Z,3,3,JavaScript,True,True,
loopDelicious,loopDelicious/converter-to-publish,2018-08-02T18:41:50Z,0,0,JavaScript,True,True,
loopDelicious,loopDelicious/csinterviews,2016-07-21T18:54:31Z,0,0,Python,True,True,
loopDelicious,loopDelicious/css-trials,2016-04-19T00:01:43Z,0,0,HTML,True,True,
loopDelicious,loopDelicious/cuberite,2020-04-22T21:32:05Z,0,0,C++,True,True,Other
loopDelicious,loopDelicious/data-structures,2016-04-08T20:02:59Z,0,0,Python,True,True,
loopDelicious,loopDelicious/dataMap,2020-03-23T21:33:23Z,0,0,Vue,True,True,
loopDelicious,loopDelicious/dataviz,2016-07-22T21:29:28Z,0,0,JavaScript,True,True,
loopDelicious,loopDelicious/deimos,2019-07-22T21:05:55Z,0,0,,True,True,
loopDelicious,loopDelicious/demo-integrations,2021-12-07T18:30:23Z,0,0,,True,True,
loopDelicious,loopDelicious/devchat-eleventy,2020-04-20T17:29:09Z,0,0,CSS,True,True,
loopDelicious,loopDelicious/dicts-restaurant-ratings,2016-04-12T00:29:55Z,0,0,Python,True,True,
loopDelicious,loopDelicious/dicts-word-count,2016-04-11T19:42:03Z,0,0,Python,True,True,
loopDelicious,loopDelicious/directory-browser,2016-11-19T21:28:19Z,1,1,HTML,True,True,
loopDelicious,loopDelicious/doc-tests,2016-04-22T19:58:24Z,0,0,Python,True,True,
loopDelicious,loopDelicious/docker-extension,2022-06-02T04:07:02Z,22,22,Handlebars,True,True,
loopDelicious,loopDelicious/docker.github.io,2019-08-23T14:57:14Z,0,0,JavaScript,True,False,Apache License 2.0
loopDelicious,loopDelicious/docs,2017-05-03T01:18:04Z,0,0,JavaScript,True,True,
loopDelicious,loopDelicious/docs-implementation,2017-05-04T22:00:02Z,0,0,HTML,True,True,Apache License 2.0
loopDelicious,loopDelicious/driver-quickstart,2016-12-22T01:32:17Z,0,0,Java,True,True,
loopDelicious,loopDelicious/dynamic-rip-button,2021-11-24T22:35:50Z,0,0,HTML,True,True,
loopDelicious,loopDelicious/elementary-electron,2017-04-06T05:28:35Z,0,0,JavaScript,True,True,
loopDelicious,loopDelicious/engineering-blogs,2019-05-09T17:32:28Z,0,0,Ruby,True,True,
loopDelicious,loopDelicious/express-list,2016-10-20T03:44:47Z,0,0,JavaScript,True,True,
loopDelicious,loopDelicious/express-todo,2016-09-26T22:05:18Z,1,1,JavaScript,True,True,
loopDelicious,loopDelicious/facial-recognition,2021-07-17T14:23:26Z,14,14,Python,True,True,
loopDelicious,loopDelicious/fares,2016-12-09T21:23:20Z,0,0,JavaScript,True,True,
loopDelicious,loopDelicious/FastLED,2021-12-31T16:09:32Z,0,0,,True,True,MIT License
loopDelicious,loopDelicious/feline-good,2016-11-16T04:16:24Z,0,0,JavaScript,True,True,MIT License
loopDelicious,loopDelicious/file-uploader,2016-07-29T00:33:07Z,0,0,CSS,True,True,
loopDelicious,loopDelicious/fitness-tracker,2016-08-07T22:41:17Z,0,0,Python,True,True,
loopDelicious,loopDelicious/flask-intro,2016-04-20T00:13:19Z,0,0,Python,True,True,
loopDelicious,loopDelicious/flood,2017-05-17T05:10:33Z,0,0,JavaScript,True,True,MIT License
loopDelicious,loopDelicious/format-converter,2018-01-06T00:40:55Z,1,1,JavaScript,True,True,Apache License 2.0
loopDelicious,loopDelicious/front2,2017-01-21T02:49:17Z,0,0,JavaScript,True,True,
loopDelicious,loopDelicious/frontapp.github.io,2017-01-24T06:01:22Z,0,0,JavaScript,True,True,
loopDelicious,loopDelicious/gatsby-intro,2018-11-28T23:06:25Z,0,0,CSS,True,True,MIT License
loopDelicious,loopDelicious/git-twitch,2020-10-01T17:51:09Z,1,1,,True,True,
loopDelicious,loopDelicious/guessing-game,2016-04-07T03:29:15Z,0,0,Python,True,True,
loopDelicious,loopDelicious/hackbright-skills-dictionaries,2016-04-17T18:46:29Z,0,0,Python,True,True,
loopDelicious,loopDelicious/hackbright-skills-flask,2016-04-24T19:06:18Z,1,1,HTML,True,True,
loopDelicious,loopDelicious/hackbright-skills-functions,2016-04-17T18:57:45Z,0,0,Python,True,True,
loopDelicious,loopDelicious/hackbright-skills-html-css,2016-04-24T19:00:06Z,0,0,HTML,True,True,
loopDelicious,loopDelicious/hackbright-skills-javascript,2016-04-30T21:44:14Z,1,1,HTML,True,True,
loopDelicious,loopDelicious/hackbright-skills-lists,2016-04-17T18:55:47Z,0,0,Python,True,True,
loopDelicious,loopDelicious/hackbright-skills-oo,2016-04-17T18:49:14Z,0,0,Python,True,True,
loopDelicious,loopDelicious/hackbright-skills-sql,2016-04-30T19:54:48Z,0,0,Python,True,True,
loopDelicious,loopDelicious/hackbright-skills-sqlalchemy,2016-05-07T04:27:56Z,0,0,Python,True,True,
loopDelicious,loopDelicious/hbfourteen,2016-06-21T22:40:29Z,0,0,,True,True,
loopDelicious,loopDelicious/heatmap,2018-07-09T23:52:03Z,0,0,HTML,True,True,
loopDelicious,loopDelicious/hello-go,2019-12-25T16:49:11Z,0,0,Go,True,True,
loopDelicious,loopDelicious/hello-world,2019-10-20T15:03:39Z,0,0,Vue,True,True,
loopDelicious,loopDelicious/html-forms,2016-04-18T20:01:42Z,0,0,HTML,True,True,
loopDelicious,loopDelicious/hue-go,2020-06-22T19:41:08Z,1,1,JavaScript,True,True,
loopDelicious,loopDelicious/ibm-cloud-functions-serverless-apis,2019-08-21T20:27:25Z,0,0,JavaScript,True,True,Apache License 2.0
loopDelicious,loopDelicious/indeed,2016-11-06T00:09:05Z,7,7,JavaScript,True,True,MIT License
loopDelicious,loopDelicious/indeed-2,2018-09-27T21:18:52Z,0,0,,True,True,
loopDelicious,loopDelicious/jamstack.org,2019-07-30T21:55:53Z,0,0,JavaScript,True,True,MIT License
loopDelicious,loopDelicious/jeopardy,2017-11-17T00:58:54Z,0,0,JavaScript,True,True,
loopDelicious,loopDelicious/joyce-portfolio,2016-10-26T02:56:51Z,0,0,JavaScript,True,True,
loopDelicious,loopDelicious/jquery-coffee-shop,2016-04-29T00:31:53Z,0,0,HTML,True,True,
loopDelicious,loopDelicious/js-coffee-shop,2016-04-28T18:59:05Z,0,0,HTML,True,True,
loopDelicious,loopDelicious/js-word-scramble,2016-04-27T22:58:06Z,0,0,HTML,True,True,
loopDelicious,loopDelicious/jsonDeruloIpsum,2017-08-12T03:07:56Z,0,0,,True,True,
loopDelicious,loopDelicious/jupyter-test,2020-09-14T00:47:51Z,1,1,Jupyter Notebook,True,True,
loopDelicious,loopDelicious/kubernetes-chaos,2019-08-12T23:03:59Z,2,2,C#,True,True,Apache License 2.0
loopDelicious,loopDelicious/kubesail-docs,2020-02-01T20:12:16Z,0,0,Dockerfile,True,True,
loopDelicious,loopDelicious/list-slicing,2016-04-08T00:29:24Z,0,0,Python,True,True,
loopDelicious,loopDelicious/lister,2018-09-16T18:23:52Z,0,0,JavaScript,True,True,
loopDelicious,loopDelicious/live-example,2022-03-10T16:15:23Z,0,0,JavaScript,True,True,
loopDelicious,loopDelicious/livestream-demo,2022-01-27T16:13:24Z,0,0,JavaScript,True,True,
loopDelicious,loopDelicious/load-testing,2018-10-18T18:39:49Z,2,2,JavaScript,True,True,
loopDelicious,loopDelicious/logos,2018-02-08T21:39:37Z,0,0,JavaScript,True,True,
loopDelicious,loopDelicious/loopDelicious,2020-07-11T16:14:47Z,0,0,,True,True,
loopDelicious,loopDelicious/loopDelicious.github.io,2017-07-17T18:55:23Z,0,0,HTML,True,True,Apache License 2.0
loopDelicious,loopDelicious/lost-in-space,2021-12-08T00:25:23Z,0,0,,True,True,
loopDelicious,loopDelicious/madlibs,2016-04-20T00:11:33Z,0,0,Python,True,True,
loopDelicious,loopDelicious/maps,2018-07-14T18:22:42Z,0,0,JavaScript,True,True,
loopDelicious,loopDelicious/marco,2017-01-06T04:11:04Z,0,0,JavaScript,True,True,
loopDelicious,loopDelicious/markov-chains,2016-04-12T20:19:05Z,0,0,Python,True,True,
loopDelicious,loopDelicious/markov-twitter,2016-04-13T23:47:58Z,0,0,Python,True,True,
loopDelicious,loopDelicious/matt-test-cli,2020-06-19T14:52:06Z,0,0,JavaScript,True,True,
niallkennedy,niallkennedy/angellist,2012-05-28T06:24:13Z,7,7,PHP,True,True,GNU General Public License v2.0
niallkennedy,niallkennedy/google-api-php-client,2022-06-08T22:39:06Z,0,0,,True,True,Apache License 2.0
niallkennedy,niallkennedy/GTMAppAuth,2021-05-24T22:49:01Z,0,0,,True,False,Apache License 2.0
niallkennedy,niallkennedy/ISO-3166,2011-01-11T18:43:44Z,7,7,,True,True,
niallkennedy,niallkennedy/json-feed,2017-05-22T03:08:58Z,0,0,PHP,True,True,GNU General Public License v3.0
niallkennedy,niallkennedy/Movable-Type-WordPress-export,2011-02-15T03:27:34Z,20,20,,True,True,GNU General Public License v3.0
niallkennedy,niallkennedy/open-graph-protocol-examples,2011-11-28T19:22:56Z,180,180,,True,True,
niallkennedy,niallkennedy/open-graph-protocol-tools,2011-01-11T19:49:49Z,255,255,PHP,True,True,
niallkennedy,niallkennedy/twitter-cards,2012-06-16T00:55:47Z,24,24,PHP,True,True,
niallkennedy,niallkennedy/twitter-cards-php,2012-06-14T23:53:33Z,29,29,PHP,True,True,
niallkennedy,niallkennedy/WordPress-Email-Shortcode,2011-06-04T00:54:37Z,2,2,PHP,True,True,
niallkennedy,niallkennedy/WordPress-Flickr,2011-04-04T21:04:39Z,5,5,PHP,True,True,GNU General Public License v3.0
niallkennedy,niallkennedy/wp-ghost-exporter,2024-02-17T20:35:50Z,0,0,,True,False,GNU General Public License v2.0
stevej,stevej/8ball,2010-04-30T22:30:42Z,1,1,Ruby,True,True,Apache License 2.0
stevej,stevej/ake,2009-07-14T04:03:50Z,1,1,,True,True,
stevej,stevej/apd_openlane_sky130,2023-08-14T00:38:06Z,0,0,,True,True,
stevej,stevej/awesome,2010-07-23T19:39:02Z,2,2,Scala,True,True,
stevej,stevej/bdcp,2009-03-12T00:58:08Z,3,3,Java,True,True,
stevej,stevej/builder.js,2010-11-28T04:31:25Z,4,4,JavaScript,True,True,
stevej,stevej/buildtools,2013-02-27T02:27:56Z,0,0,C,True,True,
stevej,stevej/cadr_macos_port,2009-07-10T01:55:58Z,4,4,C,True,True,
stevej,stevej/capistrano,2009-07-07T23:49:40Z,1,1,Ruby,True,False,
stevej,stevej/cmeiklejohn.github.io,2014-03-25T00:16:13Z,0,0,CSS,True,True,
stevej,stevej/configgy,2008-12-18T18:49:43Z,4,4,Scala,True,True,Other
stevej,stevej/configgy-mode,2009-08-15T06:36:31Z,4,4,Emacs Lisp,True,True,
stevej,stevej/configgyrb,2009-12-01T21:02:16Z,1,1,Ruby,True,True,
stevej,stevej/conhist,2008-10-13T01:49:02Z,4,4,Ruby,True,True,
stevej,stevej/craytracer,2016-06-05T05:01:27Z,0,0,C++,True,True,
stevej,stevej/CrenshawCompiler,2009-11-29T06:16:28Z,5,5,Ruby,True,True,Apache License 2.0
stevej,stevej/deccer-cubes,2022-03-01T17:17:24Z,0,0,,True,True,MIT License
stevej,stevej/docker-grafana-influxdb,2015-05-05T18:22:30Z,0,0,Shell,True,True,Apache License 2.0
stevej,stevej/dotfiles,2022-09-22T20:17:20Z,0,0,Shell,True,True,Apache License 2.0
stevej,stevej/dueboot,2015-01-07T16:34:49Z,0,0,C,True,True,
stevej,stevej/dump1090,2014-01-20T20:43:34Z,0,0,C,True,True,
stevej,stevej/Eldritch,2015-04-06T17:41:13Z,0,0,C,True,True,Other
stevej,stevej/emacs,2008-09-19T18:14:21Z,35,35,Emacs Lisp,True,True,
stevej,stevej/emacs-starter-kit,2009-08-29T20:45:32Z,3,3,Emacs Lisp,True,True,GNU General Public License v3.0
stevej,stevej/ensime,2010-04-26T02:50:24Z,3,3,Emacs Lisp,True,False,GNU General Public License v3.0
stevej,stevej/etherpad,2009-12-20T07:08:27Z,4,4,Java,True,True,
stevej,stevej/fnv1a64,2017-03-29T18:56:24Z,0,0,Go,True,True,Apache License 2.0
stevej,stevej/go-getter,2015-11-12T20:26:06Z,0,0,Go,True,True,Mozilla Public License 2.0
stevej,stevej/gohash,2017-03-29T16:17:38Z,0,0,Go,True,True,MIT License
stevej,stevej/grpc,2017-01-13T20:03:31Z,0,0,C,True,True,"BSD 3-Clause ""New"" or ""Revised"" License"
stevej,stevej/grpc-rust,2016-12-07T21:07:02Z,0,0,Rust,True,True,MIT License
stevej,stevej/gzdoom,2015-04-06T18:50:23Z,0,0,C++,True,False,
stevej,stevej/heapster,2016-04-08T17:26:29Z,0,0,C,True,True,
stevej,stevej/homebrew-mspgcc,2016-06-17T16:29:29Z,0,0,Ruby,True,True,
stevej,stevej/Idris-dev,2017-09-18T03:29:34Z,0,0,Haskell,True,True,Other
stevej,stevej/inspeqtor,2014-10-06T18:21:06Z,0,0,,True,True,GNU General Public License v3.0
stevej,stevej/ioq3,2014-09-17T15:12:48Z,0,0,,True,False,GNU General Public License v2.0
stevej,stevej/jekyll,2009-12-09T03:02:11Z,1,1,Ruby,True,True,
stevej,stevej/jsparser,2013-11-02T19:34:05Z,0,0,,True,True,
stevej,stevej/jvm-gc-stats,2009-12-29T18:58:28Z,2,2,Ruby,True,True,Apache License 2.0
stevej,stevej/keymaster,2015-06-04T22:08:23Z,3,3,Rust,True,True,
stevej,stevej/LinearML,2011-09-24T07:18:37Z,3,3,OCaml,True,True,Other
stevej,stevej/linkerd-tcp,2019-06-02T17:13:16Z,0,0,Rust,True,True,Apache License 2.0
stevej,stevej/linux,2013-01-25T23:58:20Z,0,0,C,True,False,Other
stevej,stevej/lisp-p,2009-02-16T00:48:44Z,5,5,Scala,True,True,
stevej,stevej/lpc2148_asm,2011-02-05T07:55:10Z,3,3,Shell,True,True,
stevej,stevej/lpc2148_serial,2010-06-06T04:54:49Z,3,3,C,True,True,Other
stevej,stevej/lpc214x_starter,2010-06-04T04:35:08Z,3,3,C,True,True,
stevej,stevej/mailslot,2009-05-11T07:51:42Z,10,10,Scala,True,True,Apache License 2.0
stevej,stevej/mirage,2012-04-28T03:42:23Z,1,1,OCaml,True,True,
stevej,stevej/mirage-vagrant,2013-02-12T01:15:24Z,0,0,,True,True,
stevej,stevej/MobileMeat,2010-02-16T04:12:28Z,1,1,Scala,True,True,
stevej,stevej/moranis-keys,2009-02-23T00:31:21Z,3,3,,True,True,Apache License 2.0
stevej,stevej/mux-rust,2016-02-17T19:00:53Z,0,0,Rust,True,True,MIT License
stevej,stevej/naggati,2009-07-05T17:36:18Z,2,2,Scala,True,True,Other
stevej,stevej/namey,2009-07-06T04:04:35Z,5,5,Scala,True,True,Apache License 2.0
stevej,stevej/oh-my-zsh,2011-03-21T03:56:42Z,2,2,Shell,True,True,MIT License
stevej,stevej/openfirmware,2023-09-23T03:07:12Z,0,0,,True,True,
stevej,stevej/ordermap,2017-04-19T21:51:50Z,0,0,Rust,True,False,
stevej,stevej/osdev,2013-02-20T21:10:49Z,68,68,C,True,True,
stevej,stevej/ostrich,2010-01-11T20:37:51Z,12,12,Scala,True,True,Apache License 2.0
stevej,stevej/parallella-platform,2023-03-23T02:35:51Z,0,0,,True,True,GNU General Public License v3.0
stevej,stevej/pico-dirtyJtag,2024-09-08T02:17:39Z,0,0,,True,True,MIT License
stevej,stevej/pod-netstat-exporter,2023-01-19T00:46:07Z,0,0,Go,True,True,Apache License 2.0
stevej,stevej/polystem,2022-11-24T04:10:41Z,0,0,,True,False,MIT License
stevej,stevej/potion,2010-08-20T02:13:46Z,2,2,C,True,True,Other
stevej,stevej/prost,2017-07-21T21:40:43Z,0,0,Rust,True,True,Apache License 2.0
stevej,stevej/pureleaf,2015-06-08T17:19:21Z,0,0,PureScript,True,True,MIT License
stevej,stevej/purescript-json,2015-06-15T16:31:42Z,0,0,PureScript,True,True,
stevej,stevej/rtl-sky130-ws,2023-11-30T18:36:03Z,0,0,,True,True,GNU General Public License v3.0
stevej,stevej/rumblelog,2013-06-26T01:26:53Z,3,3,Ruby,True,True,
stevej,stevej/rust,2012-12-21T21:15:01Z,0,0,Rust,True,True,Other
stevej,stevej/rust-abt,2016-10-28T03:19:42Z,0,0,Rust,True,True,
stevej,stevej/rust-fnv,2017-05-12T18:10:37Z,0,0,Rust,True,False,
stevej,stevej/rust-metrics,2017-04-13T20:51:21Z,0,0,Rust,True,True,Apache License 2.0
stevej,stevej/rust-protobuf,2017-01-19T17:46:54Z,0,0,Rust,True,False,"BSD 2-Clause ""Simplified"" License"
stevej,stevej/rust-unmangle,2016-11-24T19:03:50Z,0,0,,True,True,
stevej,stevej/rustled,2012-12-07T18:50:09Z,9,9,Rust,True,True,Other
stevej,stevej/saladwithsteve,2009-12-13T18:55:43Z,2,2,CSS,True,True,
stevej,stevej/scala-bootstrapper,2011-04-02T17:03:11Z,1,1,Shell,True,True,MIT License
stevej,stevej/scala-build,2009-03-20T15:50:29Z,2,2,Shell,True,True,Apache License 2.0
stevej,stevej/scala-json,2009-03-29T23:13:14Z,188,188,Scala,True,True,Apache License 2.0
stevej,stevej/scala-stats,2009-04-04T05:38:05Z,39,39,Scala,True,True,Apache License 2.0
stevej,stevej/scala-yaml,2009-07-24T17:51:11Z,2,2,Scala,True,True,
stevej,stevej/scribe_client,2010-04-30T22:17:16Z,4,4,Shell,True,True,
stevej,stevej/sctags,2009-07-20T02:44:59Z,6,6,Scala,True,True,Apache License 2.0
stevej,stevej/slow_cooker,2019-06-02T17:14:04Z,0,0,Go,True,True,Apache License 2.0
stevej,stevej/sml-typed-abts,2015-12-11T21:00:09Z,0,0,Standard ML,True,True,
stevej,stevej/smr,2009-11-21T18:44:39Z,2,2,Scala,True,True,
stevej,stevej/snabb,2017-02-17T19:17:06Z,0,0,Lua,True,True,Apache License 2.0
stevej,stevej/sparc64soc,2023-09-15T16:54:22Z,0,0,,True,True,
stevej,stevej/spispy,2024-06-28T03:22:11Z,0,0,,True,True,
stevej,stevej/stackist,2012-09-08T04:43:52Z,7,7,Haskell,True,True,Apache License 2.0
stevej,stevej/stevej.github.io,2023-07-12T18:28:12Z,0,0,,True,True,Apache License 2.0
stevej,stevej/steveray,2022-06-06T20:21:00Z,0,0,Rust,True,True,
stevej,stevej/stevienix,2013-02-22T23:49:29Z,11,11,C,True,True,
stevej,stevej/stmlib,2021-12-14T01:34:07Z,0,0,,True,True,Other
stevej,stevej/summon-arm-toolchain,2010-06-04T04:24:26Z,3,3,,True,False,
stevej,stevej/thrift-admin,2009-08-06T20:43:31Z,2,2,Scala,True,True,Apache License 2.0
stevej,stevej/tinytapeout-08,2024-09-07T19:31:02Z,0,0,,True,True,Apache License 2.0
leemunroe,leemunroe/amp-email-templates,2019-07-24T05:24:12Z,22,22,HTML,True,True,MIT License
leemunroe,leemunroe/angular-dribbble,2014-06-06T21:11:42Z,1,1,CSS,True,True,MIT License
leemunroe,leemunroe/awesome,2019-04-11T05:30:58Z,1,1,,True,False,Creative Commons Zero v1.0 Universal
leemunroe,leemunroe/awesome-design-systems-jobs,2021-01-19T19:21:12Z,0,0,,True,True,
leemunroe,leemunroe/awesome-emails,2018-11-24T18:25:46Z,8,8,,True,True,
leemunroe,leemunroe/beautiful-docs,2015-02-06T04:50:18Z,7,7,,True,True,
leemunroe,leemunroe/blog,2014-01-18T22:23:50Z,7,7,CSS,True,True,
leemunroe,leemunroe/bootstrap,2013-05-14T02:20:23Z,0,0,JavaScript,True,True,Apache License 2.0
leemunroe,leemunroe/canon,2014-03-06T21:14:59Z,0,0,CSS,True,True,Other
leemunroe,leemunroe/Cerberus,2019-05-21T04:32:05Z,4,4,HTML,True,False,MIT License
leemunroe,leemunroe/chronos,2016-01-27T21:29:11Z,0,0,JavaScript,True,False,Apache License 2.0
leemunroe,leemunroe/cicd-test,2016-08-15T16:43:05Z,0,0,,True,True,
leemunroe,leemunroe/cli-style-guide,2018-08-03T20:41:25Z,18,18,,True,True,Apache License 2.0
leemunroe,leemunroe/colors,2018-08-21T18:41:31Z,1,1,,True,True,
leemunroe,leemunroe/css3-loading-bar,2012-10-11T17:27:08Z,26,26,CSS,True,True,
leemunroe,leemunroe/dcos-cli,2018-05-10T18:10:31Z,0,0,Python,True,False,Apache License 2.0
leemunroe,leemunroe/dcos-website,2016-07-18T23:47:19Z,0,0,JavaScript,True,True,Apache License 2.0
leemunroe,leemunroe/developer.rackspace.com,2015-02-03T14:37:27Z,0,0,CSS,True,True,Apache License 2.0
leemunroe,leemunroe/documentation,2015-06-02T20:14:47Z,1,1,HTML,True,True,MIT License
leemunroe,leemunroe/express,2013-05-08T17:57:45Z,0,0,JavaScript,True,True,MIT License
leemunroe,leemunroe/geekdomsf,2014-02-07T17:28:45Z,0,0,,True,True,
leemunroe,leemunroe/github-buttons,2013-06-14T22:19:12Z,0,0,,True,True,
leemunroe,leemunroe/github-cheat-sheet,2015-09-11T20:07:02Z,4,4,,True,False,MIT License
leemunroe,leemunroe/grunt-demo,2015-08-22T23:25:21Z,1,1,HTML,True,True,
leemunroe,leemunroe/grunt-email-workflow,2014-04-14T22:23:47Z,3047,3047,SCSS,True,True,MIT License
leemunroe,leemunroe/grunt-litmus,2015-06-26T00:22:30Z,1,1,JavaScript,True,True,MIT License
leemunroe,leemunroe/grunt-premailer,2014-05-16T23:10:36Z,1,1,JavaScript,True,True,MIT License
leemunroe,leemunroe/grunt-replace-regex,2020-01-28T05:37:57Z,1,1,,True,False,MIT License
leemunroe,leemunroe/hackathon-starter,2014-02-10T21:28:29Z,0,0,CSS,True,False,MIT License
leemunroe,leemunroe/handbook,2017-04-25T23:13:57Z,1,1,,True,True,Creative Commons Zero v1.0 Universal
leemunroe,leemunroe/htmlemail,2016-08-04T04:08:42Z,101,101,,True,True,Other
leemunroe,leemunroe/juice,2018-11-06T04:03:01Z,0,0,JavaScript,True,True,
leemunroe,leemunroe/life,2014-02-25T03:03:09Z,0,0,,True,True,
leemunroe,leemunroe/mailgun-rails-example,2015-01-23T23:24:15Z,3,3,Ruby,True,True,
leemunroe,leemunroe/marathon,2016-01-27T21:19:53Z,0,0,Scala,True,False,Apache License 2.0
leemunroe,leemunroe/mimic,2015-10-05T17:37:20Z,0,0,Python,True,True,Other
leemunroe,leemunroe/mongoose,2013-04-29T18:15:58Z,0,0,JavaScript,True,True,
leemunroe,leemunroe/motherplate,2013-06-13T18:45:08Z,398,398,CSS,True,True,MIT License
leemunroe,leemunroe/nice-button,2012-09-19T01:58:52Z,9,9,,True,True,
leemunroe,leemunroe/node-mongodb-native,2013-04-27T00:04:45Z,0,0,JavaScript,True,True,
leemunroe,leemunroe/onesignal,2020-12-11T23:34:54Z,2,2,,True,True,MIT License
leemunroe,leemunroe/onesignal-demo,2020-03-19T22:57:52Z,0,0,HTML,True,True,
leemunroe,leemunroe/onesignal-test,2019-10-23T13:29:20Z,0,0,HTML,True,True,
leemunroe,leemunroe/phonics-book-website,2019-05-04T03:02:42Z,1,1,SCSS,True,True,
leemunroe,leemunroe/render-test,2021-11-26T23:59:30Z,0,0,HTML,True,True,
leemunroe,leemunroe/responsive-grid,2012-09-21T02:28:24Z,1,1,,True,True,
leemunroe,leemunroe/responsive-html-email-template,2013-12-20T14:21:13Z,13288,13288,HTML,True,True,MIT License
leemunroe,leemunroe/send-my-email,2015-08-21T17:17:26Z,3,3,CSS,True,True,
leemunroe,leemunroe/shipped-test-express,2015-11-05T01:47:07Z,0,0,,True,False,
leemunroe,leemunroe/shipped-test-grunt,2015-11-05T01:47:08Z,0,0,,True,False,
leemunroe,leemunroe/shopify-email-templates,2017-12-01T05:37:25Z,44,44,Liquid,True,True,
leemunroe,leemunroe/Styleguide-and-FAQ,2018-05-10T18:08:51Z,0,0,,True,True,
leemunroe,leemunroe/styleguides,2015-03-20T05:03:37Z,2,2,HTML,True,True,
leemunroe,leemunroe/sublime-installer,2014-08-11T11:00:41Z,0,0,,True,True,MIT License
leemunroe,leemunroe/teampage-landing,2014-02-21T23:33:27Z,0,0,CSS,True,True,
leemunroe,leemunroe/terraform-dcos,2018-05-31T23:38:43Z,0,0,HCL,True,True,Apache License 2.0
leemunroe,leemunroe/tinkered-old,2014-02-10T01:47:32Z,0,0,CSS,True,True,
leemunroe,leemunroe/tweetni,2016-09-08T05:46:35Z,0,0,CSS,True,True,MIT License
leemunroe,leemunroe/twitireland,2016-09-08T10:15:24Z,0,0,,True,True,MIT License
leemunroe,leemunroe/validator-demo,2014-03-31T22:49:15Z,0,0,JavaScript,True,True,
leemunroe,leemunroe/webdesignire,2016-09-08T07:38:38Z,0,0,,True,True,MIT License
leemunroe,leemunroe/website,2018-08-23T03:38:18Z,0,0,HTML,True,True,Creative Commons Attribution 4.0 International
IoPhoenix,IoPhoenix/AskAPro,2018-04-05T00:50:28Z,0,0,JavaScript,True,True,
IoPhoenix,IoPhoenix/AwesomeProduct,2019-03-17T04:16:44Z,0,0,HTML,True,True,
IoPhoenix,IoPhoenix/chai_testing,2019-01-14T20:52:06Z,0,0,JavaScript,True,True,
IoPhoenix,IoPhoenix/ChocoGuide,2016-08-28T22:53:52Z,0,0,JavaScript,True,True,
IoPhoenix,IoPhoenix/ChocoGuide_api,2018-07-19T05:57:18Z,0,0,JavaScript,True,True,
IoPhoenix,IoPhoenix/FaceId,2018-04-03T06:21:38Z,1,1,JavaScript,True,True,
IoPhoenix,IoPhoenix/FaceIdApi,2018-04-10T06:37:20Z,0,0,JavaScript,True,True,
IoPhoenix,IoPhoenix/FaceIdRank,2019-07-26T04:13:52Z,0,0,JavaScript,True,True,
IoPhoenix,IoPhoenix/FoodieNest,2019-08-11T04:41:47Z,1,1,JavaScript,True,True,
IoPhoenix,IoPhoenix/GuessNumberApp,2019-12-03T04:46:28Z,0,0,JavaScript,True,True,
IoPhoenix,IoPhoenix/JavaScript30,2017-05-05T04:12:49Z,0,0,HTML,True,True,
IoPhoenix,IoPhoenix/MarvelousTravel,2017-10-30T21:16:18Z,1,1,JavaScript,True,True,
IoPhoenix,IoPhoenix/MemoryGame,2016-08-28T22:36:16Z,0,0,JavaScript,True,True,
IoPhoenix,IoPhoenix/MernAuth,2019-08-16T20:07:45Z,2,2,JavaScript,True,True,
IoPhoenix,IoPhoenix/olga-fomin-website,2017-11-05T21:40:42Z,3,3,CSS,True,True,
IoPhoenix,IoPhoenix/Optio,2019-11-21T23:38:07Z,0,0,,True,True,
IoPhoenix,IoPhoenix/OShop,2018-01-17T02:23:08Z,0,0,TypeScript,True,True,
IoPhoenix,IoPhoenix/react-router,2019-08-29T21:33:42Z,0,0,JavaScript,True,False,MIT License
IoPhoenix,IoPhoenix/react-webpack-boilerplate,2019-11-20T18:40:07Z,0,0,JavaScript,True,True,
IoPhoenix,IoPhoenix/RestaurantApp,2018-05-14T05:05:20Z,0,0,JavaScript,True,True,
IoPhoenix,IoPhoenix/RoboLove,2018-03-21T06:45:11Z,0,0,JavaScript,True,True,
IoPhoenix,IoPhoenix/RoosterGrin,2019-04-15T20:34:02Z,0,0,HTML,True,True,
IoPhoenix,IoPhoenix/SpellsQuiz,2017-11-17T23:22:31Z,0,0,JavaScript,True,True,
IoPhoenix,IoPhoenix/TaskApp,2019-12-01T01:24:52Z,0,0,JavaScript,True,True,
IoPhoenix,IoPhoenix/tic-tac-toe,2019-07-31T21:42:36Z,2,2,JavaScript,True,True,
IoPhoenix,IoPhoenix/udacity,2019-04-04T06:19:00Z,0,0,JavaScript,True,True,
IoPhoenix,IoPhoenix/widgets,2017-11-26T07:14:05Z,0,0,HTML,True,True,
tolmasky,tolmasky/alertdebugging.com,2011-10-30T23:16:39Z,2,2,,True,True,
tolmasky,tolmasky/algebraic,2018-11-04T17:41:59Z,2,2,JavaScript,True,True,MIT License
tolmasky,tolmasky/atom,2014-08-12T22:51:45Z,0,0,CoffeeScript,True,False,MIT License
tolmasky,tolmasky/await,2023-02-28T17:50:31Z,1,1,JavaScript,True,True,MIT License
tolmasky,tolmasky/await-event,2017-04-07T16:33:48Z,1,1,JavaScript,True,True,MIT License
tolmasky,tolmasky/await-retry,2017-04-07T23:47:08Z,5,5,JavaScript,True,True,MIT License
tolmasky,tolmasky/await-spawn,2017-04-09T22:34:53Z,2,2,JavaScript,True,True,MIT License
tolmasky,tolmasky/babel,2021-11-11T20:05:33Z,0,0,TypeScript,True,False,MIT License
tolmasky,tolmasky/babel-eps,2023-01-02T17:19:23Z,0,0,JavaScript,True,True,MIT License
tolmasky,tolmasky/browserjs,2009-09-27T09:14:26Z,1,1,JavaScript,True,True,
tolmasky,tolmasky/cappuccino,2009-01-28T03:26:47Z,16,16,Objective-J,True,True,GNU Lesser General Public License v2.1
tolmasky,tolmasky/cause,2018-08-22T22:04:08Z,2,2,JavaScript,True,True,MIT License
tolmasky,tolmasky/cjs-from-mjs,2022-10-14T19:13:34Z,0,0,JavaScript,True,True,MIT License
tolmasky,tolmasky/climb,2019-02-16T00:08:30Z,0,0,JavaScript,True,True,MIT License
tolmasky,tolmasky/criu,2015-08-12T02:50:20Z,0,0,C,True,True,Other
tolmasky,tolmasky/demarcate,2022-05-25T16:58:19Z,0,0,JavaScript,True,True,MIT License
tolmasky,tolmasky/demokit,2016-10-18T17:20:50Z,428,428,JavaScript,True,True,MIT License
tolmasky,tolmasky/diskrete,2023-04-20T13:52:42Z,0,0,,True,True,MIT License
tolmasky,tolmasky/do-we-finally-have-a-path-to-the-fundamental-theory-of-physics,2020-04-14T19:31:22Z,0,0,HTML,True,True,
tolmasky,tolmasky/dockerscript,2017-02-17T20:58:16Z,0,0,JavaScript,True,True,MIT License
tolmasky,tolmasky/escodegen,2015-09-05T03:15:55Z,0,0,JavaScript,True,True,"BSD 2-Clause ""Simplified"" License"
tolmasky,tolmasky/expression-comparison,2015-01-15T07:33:30Z,0,0,JavaScript,True,True,
tolmasky,tolmasky/fast-lru,2016-10-10T18:11:14Z,9,9,JavaScript,True,True,MIT License
tolmasky,tolmasky/fenced,2022-10-27T19:19:50Z,0,0,JavaScript,True,True,
tolmasky,tolmasky/ftagged,2022-11-22T15:26:26Z,0,0,JavaScript,True,True,MIT License
tolmasky,tolmasky/fuse-native,2023-03-29T20:02:28Z,0,0,,True,True,
tolmasky,tolmasky/generic-jsx,2016-03-24T08:29:54Z,49,49,JavaScript,True,True,
tolmasky,tolmasky/github-symlink-test,2023-03-29T14:46:39Z,0,0,JavaScript,True,True,
tolmasky,tolmasky/Gmail,2014-06-29T19:36:44Z,1,1,JavaScript,True,True,
tolmasky,tolmasky/goal,2014-07-25T22:25:50Z,0,0,C,True,True,
tolmasky,tolmasky/immutable-js,2014-11-21T02:43:48Z,0,0,JavaScript,True,True,Other
tolmasky,tolmasky/isomorphic,2017-10-10T16:29:30Z,2,2,JavaScript,True,True,MIT License
tolmasky,tolmasky/isx,2019-04-12T16:53:38Z,2,2,JavaScript,True,True,MIT License
tolmasky,tolmasky/jsx,2021-12-01T15:48:46Z,0,0,,True,False,
tolmasky,tolmasky/language,2011-06-11T12:26:36Z,411,411,Objective-J,True,True,MIT License
tolmasky,tolmasky/lithograph,2018-06-13T18:24:43Z,13,13,JavaScript,True,True,MIT License
tolmasky,tolmasky/magic-ws,2018-03-05T04:12:12Z,56,56,JavaScript,True,True,MIT License
tolmasky,tolmasky/MapKit,2010-04-26T16:07:02Z,8,8,Objective-J,True,True,
tolmasky,tolmasky/narwhal,2009-09-20T23:03:55Z,2,2,JavaScript,True,True,
tolmasky,tolmasky/narwhal-jsc,2009-09-20T22:49:51Z,2,2,C++,True,True,
tolmasky,tolmasky/njudah,2017-02-16T19:46:28Z,0,0,JavaScript,True,True,MIT License
tolmasky,tolmasky/node,2015-08-20T03:36:07Z,0,0,JavaScript,True,True,Other
tolmasky,tolmasky/npm-sandbox,2016-01-01T22:46:34Z,0,0,JavaScript,True,True,ISC License
tolmasky,tolmasky/ojspec,2009-09-15T07:09:11Z,1,1,Objective-J,True,True,Other
tolmasky,tolmasky/parallel-branch,2019-07-24T00:33:24Z,0,0,JavaScript,True,True,MIT License
tolmasky,tolmasky/ParserSpeed,2011-07-31T23:04:38Z,7,7,JavaScript,True,True,
tolmasky,tolmasky/petrified,2018-03-07T06:21:42Z,0,0,JavaScript,True,True,MIT License
tolmasky,tolmasky/podkit,2023-04-06T18:04:28Z,1,1,JavaScript,True,True,MIT License
tolmasky,tolmasky/postgres-ios,2014-08-25T19:46:03Z,1,1,Shell,True,True,
tolmasky,tolmasky/reified,2022-12-05T18:17:10Z,0,0,HTML,True,True,MIT License
tolmasky,tolmasky/rfcs,2021-11-05T16:13:18Z,0,0,,True,False,Other
tolmasky,tolmasky/servekit,2022-10-07T17:54:51Z,0,0,JavaScript,True,True,MIT License
tolmasky,tolmasky/shift-parser-js,2022-11-12T00:26:43Z,0,0,,True,True,Apache License 2.0
tolmasky,tolmasky/socratic,2009-03-23T18:11:47Z,14,14,Ruby,True,True,
tolmasky,tolmasky/spacekit,2023-04-20T18:32:30Z,1,1,JavaScript,True,True,MIT License
tolmasky,tolmasky/Structure-and-Interpretation-of-Computer-Programs,2012-10-15T21:53:16Z,0,0,,True,True,
tolmasky,tolmasky/structured-stream,2022-07-08T20:23:46Z,0,0,JavaScript,True,True,MIT License
tolmasky,tolmasky/SubEthaEdit,2018-11-28T16:29:41Z,0,0,Objective-C,True,True,MIT License
tolmasky,tolmasky/templated-regular-expression,2019-07-18T02:26:14Z,0,0,JavaScript,True,True,MIT License
tolmasky,tolmasky/TEST-REFERRER,2018-01-26T22:37:27Z,0,0,,True,True,
tolmasky,tolmasky/test-submodules,2022-12-17T21:21:09Z,0,0,,True,True,
tolmasky,tolmasky/the-great-gatsby,2021-01-01T19:47:31Z,0,0,,True,True,
tolmasky,tolmasky/to-clf,2022-06-24T15:23:16Z,8,8,JavaScript,True,True,MIT License
tolmasky,tolmasky/to-cli,2022-06-24T13:39:58Z,0,0,JavaScript,True,True,MIT License
tolmasky,tolmasky/topologie,2022-06-02T18:18:21Z,0,0,,True,True,MIT License
tolmasky,tolmasky/triceratops.dev,2019-02-28T18:22:10Z,0,0,HTML,True,True,
tolmasky,tolmasky/UniversalDetector,2019-08-05T19:31:55Z,0,0,C++,True,True,
tolmasky,tolmasky/WebKit,2024-05-31T16:01:39Z,0,0,,True,True,
tolmasky,tolmasky/zig-v8,2024-01-24T19:20:52Z,0,0,,True,True,MIT License
chekos,chekos/-100Viz,2018-08-10T22:10:54Z,2,2,Jupyter Notebook,True,True,"BSD 3-Clause ""New"" or ""Revised"" License"
chekos,chekos/.github,2020-05-28T02:47:29Z,0,0,,True,True,
chekos,chekos/.github-1,2020-08-31T15:11:09Z,0,0,,True,True,MIT License
chekos,chekos/100daysofweb-with-python-course,2019-06-02T22:00:10Z,0,0,JavaScript,True,True,
chekos,chekos/30DayMapChallenge,2021-10-13T18:51:44Z,4,4,Jupyter Notebook,True,True,
chekos,chekos/acs_download,2019-04-10T17:25:32Z,4,4,Python,True,True,MIT License
chekos,chekos/allCalifornians,2018-10-12T18:16:56Z,0,0,Jupyter Notebook,True,True,
chekos,chekos/altair,2020-01-11T01:32:27Z,0,0,,True,True,"BSD 3-Clause ""New"" or ""Revised"" License"
chekos,chekos/altair-election-maps-example,2019-06-10T15:44:08Z,0,0,Jupyter Notebook,True,True,GNU General Public License v3.0
chekos,chekos/altair-nb,2020-08-26T23:52:23Z,0,0,Jupyter Notebook,True,True,
chekos,chekos/altair_themes_blog,2018-10-04T19:53:51Z,12,12,Jupyter Notebook,True,True,
chekos,chekos/analizando-datos-censales,2019-05-06T14:17:41Z,7,7,Jupyter Notebook,True,True,Creative Commons Attribution Share Alike 4.0 International
chekos,chekos/analizando-datos-spotify,2021-10-11T22:50:28Z,1,1,Jupyter Notebook,True,True,
chekos,chekos/analyzing-census-data,2019-04-30T14:15:01Z,17,17,Jupyter Notebook,True,True,
chekos,chekos/auto-delete-tweets,2021-10-05T21:44:29Z,0,0,Python,True,True,
chekos,chekos/bad_data,2021-03-09T21:30:10Z,1,1,,True,True,
chekos,chekos/blog-diagrams,2023-02-06T22:45:00Z,0,0,,True,True,"BSD 3-Clause ""New"" or ""Revised"" License"
chekos,chekos/blog-nexos-migracion,2019-07-03T14:37:43Z,0,0,Jupyter Notebook,True,True,MIT License
chekos,chekos/blog-posts,2018-05-01T23:02:32Z,12,12,Jupyter Notebook,True,True,"BSD 3-Clause ""New"" or ""Revised"" License"
chekos,chekos/board,2018-11-12T23:02:14Z,0,0,,True,True,The Unlicense
chekos,chekos/bonniebrooks.me,2020-06-19T02:25:34Z,0,0,JavaScript,True,True,
chekos,chekos/ca-police-scorecard,2020-06-05T02:21:18Z,0,0,Jupyter Notebook,True,True,MIT License
chekos,chekos/calabaza-bot-analytics,2021-06-23T21:25:17Z,0,0,,True,True,
chekos,chekos/calabaza-deta,2023-03-23T17:48:01Z,0,0,,True,True,BSD 3-Clause Clear License
chekos,chekos/camelot-streamlit,2020-01-22T17:59:26Z,1,1,Python,True,True,
chekos,chekos/castanet,2020-06-08T17:10:57Z,0,0,,True,False,MIT License
chekos,chekos/cc-data-project,2020-03-13T18:52:04Z,1,1,Jupyter Notebook,True,True,Other
chekos,chekos/censusgeocode-example,2022-02-17T01:05:44Z,0,0,Jupyter Notebook,True,True,
chekos,chekos/CERA-2019,2019-11-18T22:37:24Z,0,0,Jupyter Notebook,True,True,
chekos,chekos/cf-orquestadores-ejemplo,2023-06-14T22:31:55Z,0,0,,True,True,"BSD 3-Clause ""New"" or ""Revised"" License"
chekos,chekos/chekos,2020-07-09T15:39:07Z,1,1,Python,True,True,
chekos,chekos/chekos.dev,2022-01-19T01:27:11Z,0,0,,True,True,
chekos,chekos/chekos.dev-archive,2020-02-11T00:00:13Z,0,0,Ruby,True,True,
chekos,chekos/chekos.dev-archive2,2020-02-11T17:17:46Z,0,0,Jupyter Notebook,True,True,Apache License 2.0
chekos,chekos/chekosdev-sandbox,2022-12-28T17:53:44Z,0,0,Jupyter Notebook,True,True,BSD 3-Clause Clear License
chekos,chekos/clase-dataviz-efectiva,2021-12-03T21:27:34Z,8,8,Jupyter Notebook,True,True,Creative Commons Zero v1.0 Universal
chekos,chekos/cloud-scanner,2019-05-04T12:49:14Z,0,0,Python,True,True,MIT License
chekos,chekos/community-data-st,2023-02-04T20:01:59Z,0,0,Python,True,True,BSD 3-Clause Clear License
chekos,chekos/conda-buildpack,2019-07-07T23:57:05Z,0,0,Shell,True,True,MIT License
chekos,chekos/cookiecutter-ppic-project,2020-02-12T18:51:34Z,1,1,Jupyter Notebook,True,True,Other
chekos,chekos/CountdownPythonDayMx2018,2018-10-24T14:58:14Z,0,0,HTML,True,True,
chekos,chekos/covid_plots,2020-05-27T15:51:31Z,0,0,Jupyter Notebook,True,True,MIT License
chekos,chekos/cpi,2018-10-22T18:50:32Z,0,0,Jupyter Notebook,True,False,MIT License
chekos,chekos/curso-analisis-de-datos-con-python,2019-04-20T22:48:27Z,1,1,CSS,True,True,MIT License
chekos,chekos/data-tutorials,2019-02-25T21:26:54Z,0,0,Jupyter Notebook,True,False,Apache License 2.0
chekos,chekos/data-warehouse-fundamentals,2021-06-25T14:49:57Z,0,0,,False,False,
chekos,chekos/datasets,2018-11-27T17:50:39Z,0,0,Jupyter Notebook,True,True,Apache License 2.0
chekos,chekos/datasette-publish-fly,2023-07-01T02:34:25Z,0,0,,True,True,Apache License 2.0
chekos,chekos/datasette-spotify-embed,2022-08-20T20:36:24Z,3,3,Python,True,True,Apache License 2.0
chekos,chekos/datasette.io,2022-02-27T19:35:02Z,0,0,,True,True,
chekos,chekos/Datawrapper,2019-12-11T18:18:06Z,59,59,Python,True,True,MIT License
chekos,chekos/datawrapper-blog-post,2020-01-10T23:37:16Z,3,3,Jupyter Notebook,True,True,
chekos,chekos/djusd-stylesheet,2018-08-02T17:56:27Z,0,0,HTML,True,True,"BSD 3-Clause ""New"" or ""Revised"" License"
chekos,chekos/docs.getdbt.com,2023-07-20T16:49:42Z,0,0,,True,True,Apache License 2.0
chekos,chekos/effective-waddle,2023-04-12T23:37:44Z,0,0,Python,True,True,
chekos,chekos/ejemplo,2020-05-21T22:25:32Z,0,0,Python,True,True,
chekos,chekos/elblogdehiphop,2020-01-25T22:01:10Z,0,0,CSS,True,True,
chekos,chekos/employment-trends-blog,2018-09-18T16:19:56Z,0,0,Jupyter Notebook,True,True,
chekos,chekos/esporifai,2022-09-17T19:28:17Z,1,1,Python,True,True,Apache License 2.0
chekos,chekos/esporifai-deta,2023-03-14T15:29:22Z,0,0,Python,True,True,BSD 3-Clause Clear License
chekos,chekos/example_repo_jh,2018-08-14T15:24:23Z,0,0,Python,True,True,
chekos,chekos/excalibur_app,2019-01-11T22:54:19Z,0,0,,True,True,
chekos,chekos/exploring-healthkit-data,2022-01-20T18:27:01Z,0,0,Jupyter Notebook,True,True,Creative Commons Zero v1.0 Universal
chekos,chekos/fastapi-deta,2023-03-10T01:16:50Z,0,0,Python,True,True,BSD 3-Clause Clear License
chekos,chekos/fastpages,2020-05-26T14:52:51Z,0,0,,True,True,Apache License 2.0
chekos,chekos/fly-limonada,2023-03-25T15:28:40Z,0,0,Python,True,True,BSD 3-Clause Clear License
chekos,chekos/Geolocating-CA-Non-Profit-Orgs,2017-11-26T21:58:37Z,0,0,Jupyter Notebook,True,True,
chekos,chekos/geospatial-public-policy-analysis-with-geopandas,2020-04-09T00:49:58Z,13,13,Jupyter Notebook,True,True,
chekos,chekos/getdbt-tutorial,2021-02-05T23:47:03Z,0,0,,True,True,
chekos,chekos/git-scraping-pythonlapaz,2022-10-20T16:02:10Z,0,0,Shell,True,True,"BSD 3-Clause ""New"" or ""Revised"" License"
chekos,chekos/git-scraping-spotify,2022-08-17T01:31:32Z,0,0,HTML,True,True,
chekos,chekos/github-actions-for-packages,2020-05-07T16:42:08Z,0,0,JavaScript,True,True,MIT License
chekos,chekos/gratitude-prompts,2021-09-29T15:18:56Z,1,1,Python,True,True,
chekos,chekos/hec-research-scripts,2020-04-09T22:25:23Z,0,0,Python,True,True,GNU General Public License v3.0
chekos,chekos/HERE_workshop_pycon2019,2019-05-02T15:12:57Z,0,0,Jupyter Notebook,True,True,
chekos,chekos/hsds-data-tool,2022-03-09T02:05:32Z,1,1,Python,True,True,Apache License 2.0
chekos,chekos/huggingface-audio-course,2023-06-17T23:14:39Z,0,0,Jupyter Notebook,True,True,BSD 3-Clause Clear License
chekos,chekos/hugo-academic,2018-10-29T23:36:00Z,0,0,HTML,True,True,MIT License
chekos,chekos/immigrants-in-ca-jtf,2020-01-09T01:05:50Z,0,0,Jupyter Notebook,True,True,
chekos,chekos/isocronos-colegios,2019-07-05T17:43:06Z,0,0,Jupyter Notebook,True,True,MIT License
chekos,chekos/k-sys-covid-19-remix,2020-04-14T01:50:44Z,0,0,Jupyter Notebook,True,True,
chekos,chekos/lcff-test-rstudiocloud,2021-02-18T20:13:37Z,0,0,,True,True,
chekos,chekos/learning-D3,2019-02-26T00:00:01Z,0,0,HTML,True,True,
chekos,chekos/lets-learn-d3,2019-04-19T17:24:29Z,1,1,Jupyter Notebook,True,True,
chekos,chekos/limalight,2024-09-20T03:05:57Z,0,0,Python,True,True,
chekos,chekos/limonada-web,2023-05-11T22:45:51Z,0,0,HTML,True,True,
chekos,chekos/Making-Maps-With-Python-NACIS-2019,2019-10-03T18:58:47Z,1,1,Jupyter Notebook,True,True,
chekos,chekos/maplibre-gl-js,2023-07-10T16:50:41Z,0,0,,True,False,Other
chekos,chekos/markdownify-notion,2022-01-25T22:14:31Z,3,3,Python,True,True,Apache License 2.0
chekos,chekos/my-esporifai,2023-06-27T01:00:44Z,0,0,Shell,True,True,
chekos,chekos/my-recently-played-tracks,2022-12-24T17:49:50Z,0,0,Python,True,True,"BSD 3-Clause ""New"" or ""Revised"" License"
chekos,chekos/my-spotify-data,2022-11-11T02:20:50Z,1,1,,True,True,
chekos,chekos/my-wordle-data,2022-03-19T19:27:45Z,0,0,,True,True,Creative Commons Zero v1.0 Universal
chekos,chekos/natural-dye-calculator,2024-05-10T18:49:56Z,0,0,JavaScript,True,True,
chekos,chekos/nbsearch,2020-10-22T13:36:32Z,0,0,,True,True,MIT License
chekos,chekos/nb_templates,2018-10-24T21:40:52Z,0,0,Jupyter Notebook,True,True,
chekos,chekos/news-homepages,2022-03-28T18:52:58Z,0,0,Python,True,False,GNU General Public License v3.0
chekos,chekos/noisey-top-10,2018-09-24T23:12:03Z,0,0,Jupyter Notebook,True,True,
chekos,chekos/now-playing-app,2020-07-14T23:25:34Z,0,0,TypeScript,True,True,
chekos,chekos/Numeros-Fantasma,2017-11-26T22:12:17Z,0,0,Jupyter Notebook,True,True,
maryrosecook,maryrosecook/99bottles,2017-05-11T12:32:49Z,0,0,Ruby,True,True,
maryrosecook,maryrosecook/a,2015-10-26T22:29:06Z,0,0,,True,True,
maryrosecook,maryrosecook/airport_challenge,2016-10-01T12:18:23Z,0,0,Ruby,True,True,Other
maryrosecook,maryrosecook/airtable-game-runner,2019-06-26T22:40:25Z,1,1,JavaScript,True,True,
maryrosecook,maryrosecook/algo,2016-03-05T08:34:06Z,0,0,JavaScript,True,True,
maryrosecook,maryrosecook/androjs,2012-01-07T00:30:18Z,70,70,JavaScript,True,True,MIT License
maryrosecook,maryrosecook/animation,2017-09-21T05:27:45Z,1,1,Clojure,True,True,
maryrosecook,maryrosecook/annotated-code,2014-04-22T21:24:01Z,220,220,HTML,True,True,MIT License
maryrosecook,maryrosecook/asteroids,2014-04-26T22:18:29Z,7,7,JavaScript,True,True,
maryrosecook,maryrosecook/authentic,2009-04-20T13:43:20Z,2,2,Ruby,True,True,
maryrosecook,maryrosecook/backbone-df,2015-07-17T17:11:02Z,0,0,HTML,True,True,MIT License
maryrosecook,maryrosecook/backbone-df-2,2015-07-17T20:41:55Z,0,0,HTML,True,True,MIT License
maryrosecook,maryrosecook/bank-kata,2016-03-24T10:54:36Z,2,2,Ruby,True,True,
maryrosecook,maryrosecook/bank_tech_test,2017-04-21T12:42:15Z,0,0,Ruby,True,True,
maryrosecook,maryrosecook/barecljs,2013-10-13T17:26:33Z,11,11,Clojure,True,True,
maryrosecook,maryrosecook/bash,2011-08-19T21:25:07Z,5,5,Shell,True,True,
maryrosecook,maryrosecook/battleship,2014-02-08T18:45:14Z,0,0,Ruby,True,True,
maryrosecook,maryrosecook/bitly-clone,2015-09-25T16:53:34Z,2,2,JavaScript,True,True,
maryrosecook,maryrosecook/bittorrent,2017-04-22T17:25:05Z,0,0,JavaScript,True,True,
maryrosecook,maryrosecook/blot,2023-10-30T18:00:50Z,0,0,TypeScript,True,True,
maryrosecook,maryrosecook/book-notes,2016-01-08T16:38:48Z,3,3,,True,True,
maryrosecook,maryrosecook/brooklynjs.github.io,2014-01-25T17:17:59Z,0,0,HTML,True,False,"BSD 2-Clause ""Simplified"" License"
maryrosecook,maryrosecook/build-a-javascript-game-workshop,2016-04-26T17:48:50Z,11,11,JavaScript,True,True,
maryrosecook,maryrosecook/calculatorAdventures,2013-08-07T16:15:22Z,0,0,JavaScript,True,True,
maryrosecook,maryrosecook/callbacks-workshop,2016-06-24T08:58:07Z,3,3,HTML,True,True,
maryrosecook,maryrosecook/chafe,2014-05-08T16:24:16Z,0,0,JavaScript,True,True,MIT License
maryrosecook,maryrosecook/clement,2018-05-31T13:47:23Z,1,1,JavaScript,True,True,
maryrosecook,maryrosecook/closures-and-process-workshop,2016-05-02T14:17:53Z,1,1,,True,True,
maryrosecook,maryrosecook/cms-test,2016-10-31T11:31:05Z,0,0,JavaScript,True,True,
maryrosecook,maryrosecook/code-lauren,2015-01-05T15:16:03Z,34,34,JavaScript,True,True,
maryrosecook,maryrosecook/code-lauren-ohm,2016-02-10T10:05:35Z,0,0,JavaScript,True,True,
maryrosecook,maryrosecook/codewithisla,2013-01-06T18:33:24Z,22,22,JavaScript,True,True,MIT License
maryrosecook,maryrosecook/constructor-and-prototype-pattern-workshop,2016-06-20T07:02:35Z,0,0,HTML,True,True,
maryrosecook,maryrosecook/coquette,2013-05-09T17:44:31Z,418,418,JavaScript,True,True,MIT License
maryrosecook,maryrosecook/count,2016-06-17T12:25:13Z,8,8,JavaScript,True,True,
maryrosecook,maryrosecook/craft,2016-02-07T20:00:36Z,0,0,HTML,True,True,
maryrosecook,maryrosecook/crazycontinuations,2015-04-30T18:50:29Z,0,0,JavaScript,True,True,
maryrosecook,maryrosecook/dasher,2017-06-30T21:59:34Z,1,1,Objective-C,True,True,
maryrosecook,maryrosecook/debugging_2,2016-06-07T08:21:29Z,0,0,Ruby,True,True,
maryrosecook,maryrosecook/DEPRECATED-essays,2015-04-13T12:00:54Z,199,199,,True,True,
maryrosecook,maryrosecook/diff.js,2013-10-14T21:00:23Z,0,0,JavaScript,True,True,
maryrosecook,maryrosecook/diffs,2013-10-09T20:22:23Z,0,0,Ruby,True,True,
maryrosecook,maryrosecook/dijkstra,2012-07-22T18:24:33Z,19,19,Clojure,True,True,
maryrosecook,maryrosecook/dotfiles,2017-02-19T14:47:11Z,0,0,Shell,True,True,
maryrosecook,maryrosecook/drum-machine,2016-01-26T09:34:37Z,56,56,JavaScript,True,True,MIT License
maryrosecook,maryrosecook/dynamic,2016-11-15T14:21:00Z,0,0,JavaScript,True,True,
maryrosecook,maryrosecook/eardefender,2009-05-31T22:22:56Z,2,2,Ruby,True,True,
maryrosecook,maryrosecook/ecosystem,2011-06-17T23:24:09Z,1,1,JavaScript,True,True,
maryrosecook,maryrosecook/emacs,2010-11-29T23:25:59Z,24,24,Emacs Lisp,True,True,
maryrosecook,maryrosecook/emsee,2013-07-09T19:45:04Z,0,0,JavaScript,True,True,
maryrosecook,maryrosecook/explorations,2015-06-07T22:14:08Z,0,0,JavaScript,True,True,
maryrosecook,maryrosecook/exquisite-kata,2016-06-09T18:27:12Z,0,0,Ruby,True,True,
maryrosecook,maryrosecook/fast-intro-to-animation,2016-11-01T14:04:19Z,0,0,JavaScript,True,True,
maryrosecook,maryrosecook/fibonacciheap,2012-07-28T17:36:33Z,15,15,Clojure,True,True,MIT License
maryrosecook,maryrosecook/filmranker,2010-02-07T17:06:13Z,2,2,Ruby,True,True,
maryrosecook,maryrosecook/films,2016-12-22T10:28:36Z,2,2,JavaScript,True,True,
maryrosecook,maryrosecook/frank_sinatra,2016-03-12T14:35:45Z,0,0,Ruby,True,True,
maryrosecook,maryrosecook/fuse,2018-04-30T11:40:08Z,0,0,JavaScript,True,True,
maryrosecook,maryrosecook/game-of-life,2017-03-13T06:24:48Z,0,0,Ruby,True,True,
maryrosecook,maryrosecook/gamelivecode,2014-02-13T19:26:25Z,43,43,JavaScript,True,True,
maryrosecook,maryrosecook/gameoflife,2012-06-26T20:13:26Z,9,9,Ioke,True,True,
maryrosecook,maryrosecook/gif,2016-08-24T13:28:47Z,0,0,JavaScript,True,True,
maryrosecook,maryrosecook/githubcontest2009,2009-07-30T15:37:19Z,1,1,Ruby,True,True,
maryrosecook,maryrosecook/gitlet,2014-08-05T13:00:32Z,2145,2145,JavaScript,True,True,MIT License
maryrosecook,maryrosecook/glazz,2012-03-10T21:27:10Z,12,12,JavaScript,True,True,Other
maryrosecook,maryrosecook/hacker-school-application-tasks,2014-10-27T22:28:03Z,4,4,,True,True,
maryrosecook,maryrosecook/hacker-school-testing-seminar,2013-07-03T02:54:12Z,2,2,JavaScript,True,True,
maryrosecook,maryrosecook/hand,2014-07-01T18:16:24Z,0,0,JavaScript,True,True,
maryrosecook,maryrosecook/handy,2012-12-02T17:37:45Z,1,1,Ruby,True,True,
maryrosecook,maryrosecook/higherorderseminarjs,2013-06-26T02:51:24Z,0,0,JavaScript,True,True,
maryrosecook,maryrosecook/honeycomb_tv_practice_tech_test,2016-09-29T11:11:04Z,0,0,Ruby,True,True,
maryrosecook,maryrosecook/hs-database-server,2015-03-19T20:56:25Z,0,0,JavaScript,True,True,
maryrosecook,maryrosecook/injector.js,2014-06-19T19:03:07Z,0,0,JavaScript,True,True,MIT License
maryrosecook,maryrosecook/interactive-resume,2013-10-23T20:18:01Z,0,0,JavaScript,True,True,
maryrosecook,maryrosecook/introductiontoalgorithms,2012-07-16T22:52:25Z,2,2,Ruby,True,True,
maryrosecook,maryrosecook/introspect-code-lauren,2016-04-15T12:34:37Z,0,0,CSS,True,True,
maryrosecook,maryrosecook/isla,2012-09-15T21:34:17Z,108,108,JavaScript,True,True,MIT License
maryrosecook,maryrosecook/islaclj,2012-06-05T19:39:24Z,319,319,Clojure,True,True,MIT License
maryrosecook,maryrosecook/javascript-module-pattern-workshop,2016-07-06T09:21:14Z,0,0,JavaScript,True,True,
maryrosecook,maryrosecook/jscrud,2013-10-09T20:27:32Z,0,0,JavaScript,True,True,
maryrosecook,maryrosecook/jsset,2013-03-27T21:51:34Z,0,0,JavaScript,True,True,
maryrosecook,maryrosecook/kisses,2009-03-10T20:19:19Z,4,4,Ruby,True,True,
maryrosecook,maryrosecook/learnc,2012-08-11T19:19:46Z,2,2,C,True,True,
maryrosecook,maryrosecook/leftrightspace,2013-04-29T00:38:26Z,3,3,JavaScript,True,True,
maryrosecook,maryrosecook/linecirclecollisions,2014-04-07T19:47:55Z,1,1,JavaScript,True,True,MIT License
maryrosecook,maryrosecook/lions-and-tigers-and-bears,2015-11-11T16:36:32Z,0,0,,True,True,
maryrosecook,maryrosecook/littlelisp,2013-06-18T02:54:05Z,609,609,JavaScript,True,True,MIT License
maryrosecook,maryrosecook/logtoload,2009-10-07T09:01:18Z,3,3,Ruby,True,True,
maryrosecook,maryrosecook/lollipopsandgumdrops,2010-02-07T17:17:06Z,2,2,Ruby,True,True,
maryrosecook,maryrosecook/lyricsGame,2013-10-18T21:49:30Z,0,0,JavaScript,True,True,MIT License
maryrosecook,maryrosecook/machinejs,2011-05-26T10:34:24Z,157,157,JavaScript,True,True,MIT License
maryrosecook,maryrosecook/maryandlauren.com,2015-03-23T00:24:09Z,3,3,HTML,True,True,
maryrosecook,maryrosecook/math-toys,2015-11-17T23:12:32Z,0,0,JavaScript,True,True,GNU General Public License v3.0
maryrosecook,maryrosecook/maths,2013-06-05T23:56:09Z,1,1,JavaScript,True,True,
maryrosecook,maryrosecook/meals,2017-01-03T16:25:10Z,0,0,,True,True,
maryrosecook,maryrosecook/mic,2018-09-05T20:08:32Z,1,1,JavaScript,True,True,
maryrosecook,maryrosecook/minesweeper,2015-03-05T19:13:30Z,0,0,JavaScript,True,True,
maryrosecook,maryrosecook/minid3,2015-09-29T21:55:52Z,10,10,JavaScript,True,True,
maryrosecook,maryrosecook/mouse,2015-11-18T21:29:05Z,0,0,JavaScript,True,True,
maryrosecook,maryrosecook/MusicSequencer,2013-08-06T20:56:13Z,3,3,JavaScript,True,True,
yanneta,yanneta/deep-learning-data-institute,2018-09-04T21:51:53Z,39,39,Jupyter Notebook,True,True,
yanneta,yanneta/deep-learning-nlp,2019-09-26T18:20:04Z,3,3,Jupyter Notebook,True,True,
yanneta,yanneta/deep-learning-tutorials,2024-01-21T17:35:11Z,0,0,Jupyter Notebook,True,True,
yanneta,yanneta/deep-learning-with-pytorch,2018-05-17T16:57:26Z,48,48,Jupyter Notebook,True,True,
yanneta,yanneta/deeplearning,2017-05-18T19:56:04Z,9,9,Jupyter Notebook,True,True,
yanneta,yanneta/dl-course,2018-04-07T23:58:17Z,14,14,Jupyter Notebook,True,True,
yanneta,yanneta/feature_eng,2017-08-07T22:24:54Z,1,1,Jupyter Notebook,True,True,
yanneta,yanneta/learning_heuristics_sat,2022-09-16T12:00:30Z,2,2,Python,True,True,
yanneta,yanneta/ML-final,2017-12-12T00:28:24Z,2,2,Jupyter Notebook,True,True,
yanneta,yanneta/ML-notebooks,2019-01-08T20:43:00Z,46,46,Jupyter Notebook,True,True,
yanneta,yanneta/msds501,2024-04-15T13:16:29Z,2,2,Jupyter Notebook,True,True,
yanneta,yanneta/msds630,2021-03-05T18:37:14Z,18,18,Jupyter Notebook,True,True,
yanneta,yanneta/msds692,2023-04-28T07:46:23Z,4,4,Jupyter Notebook,True,True,
yanneta,yanneta/msds699,2021-09-09T22:44:10Z,2,2,Jupyter Notebook,True,True,
yanneta,yanneta/multi-task-hypotension,2019-11-28T15:17:05Z,0,0,Jupyter Notebook,True,True,
yanneta,yanneta/ovarian_cancer_microarray,2021-01-29T19:18:58Z,0,0,Jupyter Notebook,True,True,
yanneta,yanneta/pytorch-tutorial-medicine,2019-09-06T22:01:45Z,2,2,Jupyter Notebook,True,True,
yanneta,yanneta/pytorch-tutorial-text,2019-01-22T16:48:34Z,2,2,Jupyter Notebook,True,True,
yanneta,yanneta/pytorch-tutorials,2017-10-12T23:55:38Z,237,237,Jupyter Notebook,True,True,
yanneta,yanneta/pytorch-tutorials-nlp-vision,2020-06-19T19:54:27Z,2,2,Jupyter Notebook,True,True,
yanneta,yanneta/scaling_down_dl,2021-08-18T18:14:32Z,0,0,Python,True,True,
yanneta,yanneta/sklean-tutorial,2022-02-06T14:30:14Z,0,0,Jupyter Notebook,True,True,
yanneta,yanneta/spark-nb,2018-01-09T19:37:09Z,1,1,Jupyter Notebook,True,True,
yanneta,yanneta/super_learner,2018-11-02T23:10:41Z,0,0,Jupyter Notebook,True,True,
mfix22,mfix22/actionsack,2019-08-08T20:19:47Z,12,12,JavaScript,False,False,MIT License
mfix22,mfix22/alchemy,2018-06-03T20:00:20Z,1,1,JavaScript,True,True,MIT License
mfix22,mfix22/all-contributors-bot,2019-09-13T21:58:05Z,0,0,,True,False,MIT License
mfix22,mfix22/ama,2018-06-15T18:00:27Z,0,0,,False,False,
mfix22,mfix22/apex,2019-08-12T20:36:19Z,0,0,Go,True,True,MIT License
mfix22,mfix22/apollo-transform-utils,2018-05-30T17:30:15Z,2,2,JavaScript,True,True,
mfix22,mfix22/arlo,2019-12-05T07:22:11Z,0,0,,True,True,GNU Affero General Public License v3.0
mfix22,mfix22/automaton-site,2016-04-24T04:46:21Z,1,1,HTML,True,True,
mfix22,mfix22/awesome-react-components,2019-03-01T23:57:30Z,0,0,,True,True,Creative Commons Zero v1.0 Universal
mfix22,mfix22/awesome-react-render-props,2019-03-02T00:02:54Z,1,1,,True,True,
mfix22,mfix22/botkit-helper-slack,2016-08-06T18:46:26Z,7,7,JavaScript,True,True,MIT License
mfix22,mfix22/calendarx,2017-01-28T01:40:30Z,112,112,JavaScript,False,False,MIT License
mfix22,mfix22/climatechoice,2019-10-01T06:43:26Z,0,0,,True,True,MIT License
mfix22,mfix22/dropperx,2017-09-24T20:08:50Z,15,15,JavaScript,False,False,MIT License
mfix22,mfix22/eitherx,2017-10-15T20:02:37Z,90,90,JavaScript,False,False,MIT License
mfix22,mfix22/emilyhansel.me,2016-07-30T21:49:07Z,0,0,JavaScript,False,False,
mfix22,mfix22/event_bot,2016-02-21T21:53:34Z,1,1,HTML,True,True,
mfix22,mfix22/firefly-iii,2019-08-11T19:33:26Z,0,0,PHP,True,False,GNU General Public License v3.0
mfix22,mfix22/floating_help_button,2015-06-29T02:21:45Z,1,1,JavaScript,True,True,MIT License
mfix22,mfix22/fossa-cli,2019-05-28T21:52:10Z,0,0,Go,True,True,Mozilla Public License 2.0
mfix22,mfix22/gest,2017-03-06T03:46:18Z,146,146,JavaScript,False,False,MIT License
mfix22,mfix22/gnt,2017-05-07T19:51:45Z,32,32,JavaScript,False,True,MIT License
mfix22,mfix22/graphql-batch,2018-05-30T17:27:29Z,1,1,JavaScript,True,True,MIT License
mfix22,mfix22/graphql-error-parser,2017-09-13T06:41:00Z,2,2,JavaScript,True,True,
mfix22,mfix22/graphql-wg,2019-05-02T16:14:25Z,0,0,,True,False,
mfix22,mfix22/librarify,2016-06-27T23:09:16Z,16,16,JavaScript,True,True,MIT License
mfix22,mfix22/mfix22.github.io,2016-02-14T07:18:13Z,4,4,JavaScript,False,False,
mfix22,mfix22/micro,2019-02-26T16:12:37Z,0,0,JavaScript,True,False,MIT License
mfix22,mfix22/morphmorph,2017-07-31T00:11:11Z,28,28,JavaScript,False,False,MIT License
mfix22,mfix22/nature-syntax,2017-02-07T04:02:40Z,2,2,CSS,True,True,MIT License
mfix22,mfix22/next-site,2019-01-11T01:39:39Z,0,0,JavaScript,True,False,
mfix22,mfix22/next.js,2018-08-23T17:35:05Z,0,0,JavaScript,True,True,MIT License
mfix22,mfix22/open-sauced-goals,2019-09-26T20:10:42Z,1,1,,True,False,
mfix22,mfix22/oslo,2016-10-25T20:57:09Z,0,0,CSS,True,True,MIT License
mfix22,mfix22/ospology,2022-09-14T11:33:28Z,0,0,,True,False,Creative Commons Attribution 4.0 International
mfix22,mfix22/overreacted.io,2019-02-04T18:35:19Z,0,0,JavaScript,True,True,MIT License
mfix22,mfix22/pgql,2018-05-18T17:16:37Z,5,5,JavaScript,True,True,
mfix22,mfix22/photonjs,2019-06-19T22:54:44Z,0,0,TypeScript,True,True,
mfix22,mfix22/probot,2019-06-12T21:23:36Z,0,0,TypeScript,True,False,ISC License
mfix22,mfix22/probot.github.io,2019-05-28T22:57:47Z,0,0,HTML,True,False,Creative Commons Attribution 4.0 International
mfix22,mfix22/PromiseKit,2019-03-01T01:25:41Z,0,0,Swift,True,False,MIT License
mfix22,mfix22/reach-ui,2019-02-14T04:36:07Z,0,0,JavaScript,True,False,MIT License
mfix22,mfix22/react-codemirror2,2019-08-10T20:24:08Z,0,0,TypeScript,True,True,MIT License
mfix22,mfix22/rexrex,2017-09-09T23:23:55Z,37,37,JavaScript,False,False,MIT License
mfix22,mfix22/ride_share_promo,2015-06-19T05:13:57Z,1,1,HTML,True,True,
mfix22,mfix22/shields,2019-08-29T04:21:45Z,0,0,JavaScript,True,False,Creative Commons Zero v1.0 Universal
mfix22,mfix22/squad,2016-04-04T17:08:29Z,2,2,JavaScript,True,True,
mfix22,mfix22/styled-system,2019-05-09T19:52:32Z,0,0,JavaScript,True,False,MIT License
mfix22,mfix22/test-issue-bot,2018-04-22T21:40:03Z,0,0,,False,False,
mfix22,mfix22/tigefa,2022-02-08T02:44:13Z,0,0,,True,True,MIT License
mfix22,mfix22/use-climate-change-reminder,2019-09-17T23:45:26Z,47,47,JavaScript,False,False,MIT License
mfix22,mfix22/vercel-bug-repro,2022-03-10T05:09:08Z,1,1,JavaScript,True,True,
mfix22,mfix22/WebLauncher,2016-09-22T04:56:05Z,0,0,JavaScript,True,True,
mfix22,mfix22/website,2019-03-19T19:07:37Z,0,0,HTML,True,False,MIT License
mfix22,mfix22/what3words,2016-06-27T18:56:19Z,4,4,JavaScript,True,False,MIT License
mfix22,mfix22/whattimeisitright.now.sh,2018-10-26T03:03:24Z,0,0,JavaScript,False,False,MIT License
mfix22,mfix22/whereami.now.sh,2019-08-20T21:30:35Z,6,6,JavaScript,False,False,MIT License
czbiohub-sf,czbiohub-sf/.github,2022-12-09T19:42:36Z,0,0,,True,False,
czbiohub-sf,czbiohub-sf/2020-test-sencha,2020-05-19T16:35:43Z,0,0,,True,True,
czbiohub-sf,czbiohub-sf/2021-opencell-figures,2021-10-18T18:08:41Z,5,5,Jupyter Notebook,True,True,Other
czbiohub-sf,czbiohub-sf/2021-opencell-microscopy-automation,2021-03-26T15:56:03Z,2,2,Jupyter Notebook,True,False,Other
czbiohub-sf,czbiohub-sf/2023-facs-automation-pub,2023-03-17T17:45:58Z,1,1,Python,True,True,"BSD 3-Clause ""New"" or ""Revised"" License"
czbiohub-sf,czbiohub-sf/AIH-Project,2018-09-07T19:43:10Z,0,0,HTML,True,True,
czbiohub-sf,czbiohub-sf/AIRRscape,2021-04-17T00:23:04Z,10,10,R,True,True,Other
czbiohub-sf,czbiohub-sf/automated-protein-purifier,2019-09-17T18:05:02Z,1,1,Python,True,True,"BSD 3-Clause ""New"" or ""Revised"" License"
czbiohub-sf,czbiohub-sf/bbknn,2021-01-28T17:31:29Z,0,0,Python,True,True,MIT License
czbiohub-sf,czbiohub-sf/BCellClassSwitching,2018-01-18T18:52:50Z,0,0,Jupyter Notebook,True,True,MIT License
czbiohub-sf,czbiohub-sf/bcell_pipeline,2018-06-14T01:44:32Z,3,3,R,True,True,Other
czbiohub-sf,czbiohub-sf/california-mosquito-study,2018-07-13T22:27:08Z,8,8,Jupyter Notebook,True,True,"BSD 3-Clause ""New"" or ""Revised"" License"
czbiohub-sf,czbiohub-sf/celltype_annotation_tutorial,2023-01-09T21:33:44Z,2,2,Jupyter Notebook,True,True,"BSD 3-Clause ""New"" or ""Revised"" License"
czbiohub-sf,czbiohub-sf/cellxgene,2021-06-22T15:26:51Z,6,6,Python,True,False,MIT License
czbiohub-sf,czbiohub-sf/cerebra,2019-04-10T19:25:11Z,60,60,Python,True,True,MIT License
czbiohub-sf,czbiohub-sf/comparison-RNAVelo,2024-04-10T00:49:16Z,1,1,Jupyter Notebook,True,True,
czbiohub-sf,czbiohub-sf/coPylot,2021-01-04T22:52:13Z,8,8,Python,True,True,"BSD 3-Clause ""New"" or ""Revised"" License"
czbiohub-sf,czbiohub-sf/Covid-Host-Classifier-Code,2021-11-13T07:26:06Z,0,0,Jupyter Notebook,True,True,MIT License
czbiohub-sf,czbiohub-sf/covid19-transcriptomics-pathogenesis-diagnostics-results,2020-05-20T04:57:28Z,5,5,Jupyter Notebook,True,True,Other
czbiohub-sf,czbiohub-sf/covidhub-pub,2020-07-03T00:24:25Z,1,1,Jupyter Notebook,True,True,
czbiohub-sf,czbiohub-sf/CovidTissueAtlas,2020-06-18T18:17:22Z,2,2,Jupyter Notebook,True,True,GNU General Public License v3.0
czbiohub-sf,czbiohub-sf/crispr-screen-nf,2021-07-01T00:56:49Z,1,1,R,True,True,
czbiohub-sf,czbiohub-sf/CRISPRflow,2022-08-24T18:44:56Z,2,2,R,True,True,"BSD 3-Clause ""New"" or ""Revised"" License"
czbiohub-sf,czbiohub-sf/crispycrunch,2018-07-17T03:40:40Z,6,6,Python,True,True,MIT License
czbiohub-sf,czbiohub-sf/czb-ui,2022-04-18T01:28:19Z,5,5,TypeScript,True,True,"BSD 3-Clause ""New"" or ""Revised"" License"
czbiohub-sf,czbiohub-sf/dashit,2018-03-30T19:56:02Z,6,6,Python,True,True,Apache License 2.0
czbiohub-sf,czbiohub-sf/DeepGenotype,2021-11-21T04:01:31Z,1,1,HTML,True,True,"BSD 3-Clause ""New"" or ""Revised"" License"
czbiohub-sf,czbiohub-sf/epidemiology_flux_model,2021-12-22T12:03:30Z,1,1,Jupyter Notebook,True,True,MIT License
czbiohub-sf,czbiohub-sf/EpiGen-COVID19,2020-02-21T18:56:02Z,4,4,R,True,True,Other
czbiohub-sf,czbiohub-sf/excellxgene,2021-12-24T19:07:15Z,10,10,JavaScript,True,True,MIT License
czbiohub-sf,czbiohub-sf/flash,2018-09-21T21:55:54Z,6,6,Python,True,True,MIT License
czbiohub-sf,czbiohub-sf/GenoPrimer,2022-01-26T23:40:19Z,2,2,HTML,True,True,"BSD 3-Clause ""New"" or ""Revised"" License"
czbiohub-sf,czbiohub-sf/human_melanocytes,2020-05-24T06:10:13Z,2,2,Jupyter Notebook,True,True,
czbiohub-sf,czbiohub-sf/InSituToolkit,2019-07-18T21:24:47Z,4,4,Python,True,True,"BSD 3-Clause ""New"" or ""Revised"" License"
czbiohub-sf,czbiohub-sf/instapaper,2018-12-07T21:45:21Z,0,0,Jupyter Notebook,True,True,"BSD 3-Clause ""New"" or ""Revised"" License"
czbiohub-sf,czbiohub-sf/instapipeline,2018-04-19T19:21:25Z,2,2,Jupyter Notebook,True,True,"BSD 3-Clause ""New"" or ""Revised"" License"
czbiohub-sf,czbiohub-sf/iohub,2022-11-22T21:57:09Z,29,29,Python,True,True,"BSD 3-Clause ""New"" or ""Revised"" License"
czbiohub-sf,czbiohub-sf/Label-Free-Malaria,2020-09-03T01:01:07Z,1,1,MATLAB,True,True,"BSD 3-Clause ""New"" or ""Revised"" License"
czbiohub-sf,czbiohub-sf/learn-bioinformatics,2017-06-20T23:22:18Z,96,96,Jupyter Notebook,True,True,MIT License
czbiohub-sf,czbiohub-sf/luminoth,2019-11-05T19:37:35Z,3,3,Python,True,True,Other
czbiohub-sf,czbiohub-sf/maca,2017-06-14T19:07:39Z,2,2,Python,True,True,Other
czbiohub-sf,czbiohub-sf/markov-bridges,2023-12-13T23:25:43Z,0,0,Python,True,True,MIT License
czbiohub-sf,czbiohub-sf/MERFISH-mouse-comparison,2022-03-04T01:05:52Z,1,1,Jupyter Notebook,True,True,MIT License
czbiohub-sf,czbiohub-sf/metaquery,2022-10-11T02:20:02Z,0,0,Python,True,True,MIT License
czbiohub-sf,czbiohub-sf/MIDAS,2019-07-09T01:36:52Z,36,36,Python,True,True,MIT License
czbiohub-sf,czbiohub-sf/mm2python,2019-06-07T23:49:47Z,0,0,Java,True,True,Other
czbiohub-sf,czbiohub-sf/molecular-cross-validation,2019-02-09T00:59:17Z,2,2,Python,True,True,MIT License
czbiohub-sf,czbiohub-sf/mspipelines,2022-01-11T11:45:55Z,8,8,Python,True,True,Other
czbiohub-sf,czbiohub-sf/napari-iohub,2023-03-08T06:18:30Z,1,1,Python,True,True,"BSD 3-Clause ""New"" or ""Revised"" License"
czbiohub-sf,czbiohub-sf/nf-predictorthologs,2020-02-15T19:26:55Z,4,4,Nextflow,True,True,MIT License
czbiohub-sf,czbiohub-sf/noise2self,2019-01-29T23:10:57Z,334,334,Jupyter Notebook,True,True,MIT License
czbiohub-sf,czbiohub-sf/NouGAT,2018-10-05T17:03:55Z,0,0,Python,True,True,MIT License
czbiohub-sf,czbiohub-sf/opencell-portal-pub,2022-03-10T03:27:20Z,0,0,Python,True,True,"BSD 3-Clause ""New"" or ""Revised"" License"
czbiohub-sf,czbiohub-sf/openpipeline_multiome,2022-10-17T22:44:23Z,0,0,Common Workflow Language,True,False,MIT License
czbiohub-sf,czbiohub-sf/Organelle_IP_analyses_and_figures,2023-12-05T07:34:37Z,4,4,Jupyter Notebook,True,True,"BSD 3-Clause ""New"" or ""Revised"" License"
czbiohub-sf,czbiohub-sf/orpheum,2019-04-10T17:31:36Z,18,18,Python,True,True,MIT License
czbiohub-sf,czbiohub-sf/polymorphism_sarscov2_diagnostics,2020-08-24T18:53:59Z,0,0,R,True,True,
czbiohub-sf,czbiohub-sf/pomelo,2023-04-11T20:35:37Z,4,4,R,True,True,"BSD 3-Clause ""New"" or ""Revised"" License"
czbiohub-sf,czbiohub-sf/portable-luminometer,2020-07-10T22:15:21Z,0,0,Python,True,True,"BSD 3-Clause ""New"" or ""Revised"" License"
czbiohub-sf,czbiohub-sf/protoSpaceJAM,2022-04-07T20:44:24Z,7,7,Python,True,True,"BSD 3-Clause ""New"" or ""Revised"" License"
czbiohub-sf,czbiohub-sf/protoSpaceJAM-portal,2024-06-23T23:46:42Z,0,0,JavaScript,True,True,"BSD 3-Clause ""New"" or ""Revised"" License"
czbiohub-sf,czbiohub-sf/PyMotors,2019-06-20T20:14:57Z,0,0,Python,True,True,"BSD 3-Clause ""New"" or ""Revised"" License"
czbiohub-sf,czbiohub-sf/pyseus,2021-03-15T20:11:57Z,2,2,Python,True,True,Other
czbiohub-sf,czbiohub-sf/pytorch_integrated_cell,2018-02-26T19:53:24Z,0,0,Jupyter Notebook,True,True,
czbiohub-sf,czbiohub-sf/random-walk-epidemic-model,2020-09-29T16:11:12Z,0,0,Jupyter Notebook,True,True,Other
czbiohub-sf,czbiohub-sf/Rapid-QC-MS,2022-06-24T07:20:05Z,13,13,Python,True,False,
czbiohub-sf,czbiohub-sf/rapid-response-prism,2022-08-01T21:47:24Z,0,0,R,True,True,"BSD 3-Clause ""New"" or ""Revised"" License"
czbiohub-sf,czbiohub-sf/rnaseq,2019-05-01T01:29:51Z,3,3,Nextflow,True,False,MIT License
czbiohub-sf,czbiohub-sf/sc2-guide-InSilicoSCR,2020-08-05T21:20:50Z,0,0,Python,True,True,Other
czbiohub-sf,czbiohub-sf/sc2-illumina-pipeline,2020-03-21T23:34:46Z,25,25,Nextflow,True,True,GNU Affero General Public License v3.0
czbiohub-sf,czbiohub-sf/scell_lung_adenocarcinoma,2019-04-04T15:04:56Z,143,143,HTML,True,True,
czbiohub-sf,czbiohub-sf/scRFE,2019-10-18T22:40:40Z,12,12,Jupyter Notebook,True,True,MIT License
czbiohub-sf,czbiohub-sf/scrnaseq-for-the-99-percent,2021-07-03T17:30:21Z,5,5,Jupyter Notebook,True,True,MIT License
czbiohub-sf,czbiohub-sf/shrimPy,2022-07-01T22:31:26Z,8,8,Python,True,True,"BSD 3-Clause ""New"" or ""Revised"" License"
czbiohub-sf,czbiohub-sf/simscity,2018-08-27T22:44:37Z,2,2,Python,True,True,MIT License
czbiohub-sf,czbiohub-sf/singlecell-dash,2017-08-03T23:00:37Z,7,7,Python,True,True,MIT License
czbiohub-sf,czbiohub-sf/special_ops_crispr_tools,2017-09-21T23:51:51Z,0,0,C++,True,True,MIT License
czbiohub-sf,czbiohub-sf/Spid.jl,2019-06-21T16:03:18Z,5,5,Julia,True,True,MIT License
czbiohub-sf,czbiohub-sf/SpotImage,2019-07-26T17:35:01Z,0,0,Jupyter Notebook,True,True,"BSD 3-Clause ""New"" or ""Revised"" License"
czbiohub-sf,czbiohub-sf/tabula-muris,2017-12-18T19:46:58Z,187,187,HTML,True,True,"BSD 3-Clause ""New"" or ""Revised"" License"
czbiohub-sf,czbiohub-sf/tabula-muris-senis,2019-06-04T10:21:53Z,96,96,Jupyter Notebook,True,True,"BSD 3-Clause ""New"" or ""Revised"" License"
czbiohub-sf,czbiohub-sf/tabula-muris-vignettes,2018-04-05T21:21:57Z,22,22,Makefile,True,True,MIT License
czbiohub-sf,czbiohub-sf/tabula-sapiens,2019-08-01T13:27:35Z,40,40,Jupyter Notebook,True,True,"BSD 3-Clause ""New"" or ""Revised"" License"
czbiohub-sf,czbiohub-sf/ULC-OD-Meter,2020-01-16T21:07:43Z,5,5,C++,True,True,Other
czbiohub-sf,czbiohub-sf/utilities,2017-10-31T21:16:37Z,9,9,Nextflow,True,True,MIT License
czbiohub-sf,czbiohub-sf/UVScope-control,2020-09-01T22:41:54Z,1,1,MATLAB,True,True,"BSD 3-Clause ""New"" or ""Revised"" License"
czbiohub-sf,czbiohub-sf/WellLit,2020-06-25T17:47:08Z,0,0,Python,True,True,Other
czbiohub-sf,czbiohub-sf/WellLit-TubeToWell,2020-03-15T00:13:18Z,0,0,Python,True,True,Other
czbiohub-sf,czbiohub-sf/WellLit-WelltoWell,2020-07-08T18:21:22Z,0,0,Jupyter Notebook,True,True,Other
czbiohub-sf,czbiohub-sf/xicor,2020-03-03T01:32:55Z,145,145,Jupyter Notebook,True,True,MIT License
czbiohub-sf,czbiohub-sf/yogo,2022-08-12T23:42:44Z,11,11,Python,True,True,"BSD 3-Clause ""New"" or ""Revised"" License"
czbiohub-sf,czbiohub-sf/zebrahub-multiome-analysis,2023-06-30T21:56:31Z,2,2,Jupyter Notebook,True,True,"BSD 3-Clause ""New"" or ""Revised"" License"
czbiohub-sf,czbiohub-sf/zebrahub_analysis,2022-09-09T19:24:01Z,2,2,Jupyter Notebook,True,True,
marcellodesales,marcellodesales/0s-2s-ipfs-blockchain-tweet-nfts,2022-02-02T10:58:22Z,0,0,Python,True,True,
marcellodesales,marcellodesales/action-input-parser,2022-08-29T22:30:23Z,1,1,,True,False,MIT License
marcellodesales,marcellodesales/admin_olx,2021-08-10T06:53:10Z,2,2,,True,True,
marcellodesales,marcellodesales/adobe.github.com,2014-12-03T23:53:11Z,1,1,CSS,True,True,MIT License
marcellodesales,marcellodesales/advanced-dry-solid-java-17,2023-02-24T17:27:09Z,0,0,Java,True,True,
marcellodesales,marcellodesales/alb-ingress-controller,2018-01-26T18:48:36Z,0,0,Go,True,True,Apache License 2.0
marcellodesales,marcellodesales/alpine-git-hub-docker-image,2019-10-30T17:32:07Z,0,0,Dockerfile,True,True,Apache License 2.0
marcellodesales,marcellodesales/alpine-node,2015-06-28T08:05:46Z,0,0,,True,True,MIT License
marcellodesales,marcellodesales/alpine-statsd,2016-05-13T15:31:45Z,0,0,,True,True,
marcellodesales,marcellodesales/AltaCV,2020-10-01T17:45:54Z,0,0,TeX,True,True,Other
marcellodesales,marcellodesales/android-react-native,2017-03-17T07:51:36Z,1,1,Shell,True,True,
marcellodesales,marcellodesales/angular-reddit-clone,2022-04-21T01:14:17Z,1,1,,True,True,
marcellodesales,marcellodesales/angularjs-github-info,2016-08-17T23:24:05Z,0,0,JavaScript,True,False,
marcellodesales,marcellodesales/api-boilerplate,2022-04-12T10:28:07Z,0,0,,True,True,Apache License 2.0
marcellodesales,marcellodesales/apigee-enterprise-operator,2023-10-26T19:46:09Z,0,0,,True,True,
marcellodesales,marcellodesales/appdynamics-docker-machine-agent,2017-09-07T03:45:50Z,1,1,Shell,True,True,
marcellodesales,marcellodesales/ar-cutpaste,2022-01-17T07:43:57Z,1,1,,True,True,MIT License
marcellodesales,marcellodesales/argo-cloudops,2022-01-08T17:58:38Z,1,1,,True,False,Apache License 2.0
marcellodesales,marcellodesales/argocd,2021-12-17T07:06:39Z,0,0,,True,True,
marcellodesales,marcellodesales/argocon2021,2021-12-08T18:42:42Z,0,0,,True,True,
marcellodesales,marcellodesales/artifactory-docker-examples,2017-08-04T08:09:34Z,1,1,Shell,True,True,Apache License 2.0
marcellodesales,marcellodesales/atmosphere,2013-04-19T02:05:47Z,0,0,Java,True,True,
marcellodesales,marcellodesales/Automatic-License-Plate-Recognition-ALPR-,2021-11-30T08:42:12Z,0,0,,True,True,
marcellodesales,marcellodesales/awesome-docker,2015-12-05T08:10:12Z,0,0,,True,True,Other
marcellodesales,marcellodesales/awesome-docker-compose,2023-01-24T19:07:54Z,0,0,,True,False,Creative Commons Zero v1.0 Universal
marcellodesales,marcellodesales/aws-lambda-ric-rie-base-docker,2022-09-24T05:39:31Z,1,1,Dockerfile,True,True,
marcellodesales,marcellodesales/aws-sam-server-docker,2022-08-01T09:05:46Z,1,1,Dockerfile,True,True,Apache License 2.0
marcellodesales,marcellodesales/aws-workshop-for-kubernetes,2018-02-21T21:44:01Z,0,0,JavaScript,True,True,Apache License 2.0
marcellodesales,marcellodesales/b-log,2021-02-09T00:02:49Z,0,0,,True,True,MIT License
marcellodesales,marcellodesales/backbonetutorials,2013-03-06T19:52:07Z,0,0,JavaScript,True,True,
marcellodesales,marcellodesales/base12,2014-09-26T00:15:22Z,0,0,,True,True,
marcellodesales,marcellodesales/BIG-AGI,2023-07-17T01:12:15Z,0,0,,True,False,MIT License
marcellodesales,marcellodesales/bips,2021-12-02T18:44:15Z,0,0,,True,True,
marcellodesales,marcellodesales/bitaddress.org,2021-10-25T02:01:23Z,0,0,,True,True,
marcellodesales,marcellodesales/bitcoin,2021-06-22T19:16:51Z,0,0,,True,False,MIT License
marcellodesales,marcellodesales/bitcoin-to-neo4j,2022-04-10T01:41:50Z,0,0,,True,True,GNU General Public License v3.0
marcellodesales,marcellodesales/bitcoin-to-neo4jdash,2022-07-22T20:03:05Z,0,0,,True,True,MIT License
marcellodesales,marcellodesales/bitcoin-to-tigergraph,2021-08-19T21:56:19Z,0,0,,True,True,
marcellodesales,marcellodesales/blockchain-terraform-deployment,2021-03-05T06:31:40Z,0,0,,True,True,MIT License
marcellodesales,marcellodesales/blog,2016-11-08T05:59:23Z,0,0,JavaScript,True,False,
marcellodesales,marcellodesales/blog-etcd-service-discovery-3,2014-09-20T06:18:10Z,0,0,JavaScript,True,True,
marcellodesales,marcellodesales/blue-green-deployment-controller,2018-03-06T16:54:43Z,0,0,Go,True,True,Apache License 2.0
marcellodesales,marcellodesales/BMNFTs_Examples,2022-03-03T05:08:49Z,0,0,,True,True,GNU General Public License v3.0
marcellodesales,marcellodesales/box-cordova-cca,2015-04-02T18:25:02Z,0,0,Shell,True,True,
marcellodesales,marcellodesales/browsenpm.org,2014-09-13T07:28:40Z,0,0,JavaScript,True,True,MIT License
marcellodesales,marcellodesales/browsh,2021-12-21T06:27:43Z,0,0,,True,True,GNU Lesser General Public License v2.1
marcellodesales,marcellodesales/bsidestest,2022-06-14T23:28:13Z,0,0,,True,True,
marcellodesales,marcellodesales/bulk-upload-to-opensea,2022-02-25T03:32:11Z,0,0,,True,True,
marcellodesales,marcellodesales/bunyan-format,2014-12-01T19:58:30Z,0,0,JavaScript,True,True,MIT License
marcellodesales,marcellodesales/cardano-token-registry,2021-10-31T09:16:13Z,0,0,,True,True,
marcellodesales,marcellodesales/catapult,2023-06-06T20:44:00Z,0,0,,True,True,"BSD 3-Clause ""New"" or ""Revised"" License"
marcellodesales,marcellodesales/cdi-examples,2011-11-07T00:30:35Z,1,1,Java,True,True,
marcellodesales,marcellodesales/ChainBridge,2021-03-08T08:38:50Z,0,0,,True,True,GNU Lesser General Public License v3.0
marcellodesales,marcellodesales/chainlink,2021-12-12T13:50:38Z,0,0,,True,True,MIT License
marcellodesales,marcellodesales/chatbot-ui,2023-03-27T21:52:49Z,0,0,,True,False,MIT License
marcellodesales,marcellodesales/chatgpt-api,2022-12-28T06:39:42Z,1,1,,True,False,MIT License
marcellodesales,marcellodesales/check-go-version-03,2023-07-26T17:07:59Z,0,0,,True,True,
marcellodesales,marcellodesales/checkout,2022-07-28T05:50:30Z,0,0,TypeScript,True,True,MIT License
marcellodesales,marcellodesales/checkstyle,2016-07-12T17:17:08Z,0,0,Java,True,True,GNU Lesser General Public License v2.1
marcellodesales,marcellodesales/chef-docker,2014-08-14T06:05:20Z,0,0,,True,True,Other
marcellodesales,marcellodesales/chrome-xvfb-java-gradle-docker,2015-10-13T15:57:06Z,1,1,,True,True,MIT License
marcellodesales,marcellodesales/cilium,2021-03-04T18:24:22Z,0,0,,True,False,Apache License 2.0
marcellodesales,marcellodesales/CIPs,2021-08-11T07:30:36Z,0,0,,True,True,Creative Commons Attribution 4.0 International
marcellodesales,marcellodesales/circuit-breaker-js,2014-11-21T07:52:18Z,0,0,JavaScript,True,True,MIT License
marcellodesales,marcellodesales/CleverModels,2013-11-11T22:37:16Z,0,0,C,True,True,
marcellodesales,marcellodesales/clients,2015-10-24T20:41:41Z,0,0,JavaScript,True,True,MIT License
marcellodesales,marcellodesales/cloner,2019-11-20T04:49:06Z,0,0,Go,True,True,MIT License
marcellodesales,marcellodesales/cloud-config,2020-11-09T18:16:58Z,0,0,,True,True,
marcellodesales,marcellodesales/cloud-config-distributor,2015-10-26T13:25:24Z,0,0,PHP,True,True,
marcellodesales,marcellodesales/cloud-native-event-mesh,2021-10-12T20:46:01Z,0,0,,True,True,
marcellodesales,marcellodesales/cloudbeaver,2022-02-09T22:01:51Z,0,0,TypeScript,True,True,Apache License 2.0
marcellodesales,marcellodesales/CoinBit,2021-03-05T08:19:53Z,0,0,,True,True,Apache License 2.0
marcellodesales,marcellodesales/CoinStats-Clone,2021-03-05T06:39:00Z,0,0,,True,True,
marcellodesales,marcellodesales/config-repo,2015-10-26T13:33:28Z,0,0,Shell,True,True,
marcellodesales,marcellodesales/containerized-aws-sam,2022-07-11T07:50:52Z,0,0,,True,True,
marcellodesales,marcellodesales/core,2013-04-09T14:32:34Z,0,0,JavaScript,True,True,MIT License
marcellodesales,marcellodesales/cors-anywhere,2021-03-19T18:10:32Z,0,0,,True,True,
marcellodesales,marcellodesales/course-spring-microservices,2022-01-24T18:00:06Z,0,0,,True,True,
marcellodesales,marcellodesales/cover2cover-docker,2021-02-12T10:19:31Z,0,0,Python,True,True,MIT License
marcellodesales,marcellodesales/create-probot-app-docker,2023-09-13T21:47:01Z,0,0,JavaScript,True,False,ISC License
marcellodesales,marcellodesales/create-upstart-monit-nginx,2014-09-03T05:33:34Z,0,0,,True,True,
marcellodesales,marcellodesales/cronos-dapp-basic-3,2022-05-20T20:55:04Z,0,0,,True,True,MIT License
marcellodesales,marcellodesales/cronos-nft-tutorial,2022-02-28T07:34:34Z,0,0,,True,True,MIT License
marcellodesales,marcellodesales/crypto-exchanges-gateway,2021-02-23T07:16:44Z,0,0,,True,True,
marcellodesales,marcellodesales/cryptochain,2021-05-24T19:19:59Z,0,0,,True,True,
marcellodesales,marcellodesales/Cryptocurrency-Portfolio,2021-03-05T14:39:57Z,0,0,,True,False,
marcellodesales,marcellodesales/csp,2015-11-17T04:42:43Z,0,0,JavaScript,True,True,
marcellodesales,marcellodesales/csvn-android-discovery,2012-03-24T04:38:26Z,1,1,Java,True,True,
marcellodesales,marcellodesales/data-structures-java-generics,2016-05-25T22:34:56Z,0,0,Java,True,True,
marcellodesales,marcellodesales/david-www,2015-12-21T09:53:27Z,0,0,JavaScript,True,True,MIT License
marcellodesales,marcellodesales/dcus-hol-2016,2016-06-14T17:27:21Z,0,0,,True,True,
marcellodesales,marcellodesales/DecentralizedOracle,2021-03-04T09:29:16Z,0,0,,True,True,
marcellodesales,marcellodesales/decodr-core-lib-java,2021-10-10T22:27:31Z,0,0,,True,True,
marcellodesales,marcellodesales/decodr-rsa,2012-04-12T16:03:53Z,1,1,Java,True,True,
marcellodesales,marcellodesales/defaultproject,2014-11-29T19:05:08Z,0,0,Go,True,True,MIT License
marcellodesales,marcellodesales/demo,2022-03-13T17:08:54Z,0,0,,True,True,MIT License
marcellodesales,marcellodesales/demo-npm-webhook-server-kafka-slack-async-notifier,2022-04-26T00:05:19Z,0,0,,True,True,
marcellodesales,marcellodesales/deskpi-super6c-cluster,2023-03-14T09:53:20Z,0,0,,True,False,MIT License
marcellodesales,marcellodesales/devonaws-labs-java,2015-01-14T21:20:29Z,0,0,Java,True,True,Apache License 2.0
marcellodesales,marcellodesales/direktiv-workflow-examples,2023-04-28T20:50:27Z,0,0,,True,True,Apache License 2.0
khailey-zz,khailey-zz/ashmasters,2012-08-31T06:12:52Z,70,70,PLSQL,True,True,
khailey-zz,khailey-zz/awrcsv,2012-08-31T04:30:25Z,4,4,Perl,True,True,
khailey-zz,khailey-zz/awr_diff,2012-08-12T23:38:22Z,11,11,Shell,True,True,
khailey-zz,khailey-zz/colin-ruby,2013-01-29T23:08:22Z,0,0,Ruby,True,True,
khailey-zz,khailey-zz/crossfilter,2013-03-13T20:37:36Z,0,0,JavaScript,True,True,Other
khailey-zz,khailey-zz/cubism,2013-04-01T03:20:51Z,0,0,JavaScript,True,True,Other
khailey-zz,khailey-zz/fio_scripts,2012-07-25T18:16:04Z,139,139,R,True,True,
khailey-zz,khailey-zz/ioh,2012-08-31T04:25:16Z,4,4,Shell,True,True,
khailey-zz,khailey-zz/jmeter,2016-12-23T23:06:19Z,0,0,,True,True,
khailey-zz,khailey-zz/moats,2013-02-17T04:45:57Z,4,4,,True,True,
khailey-zz,khailey-zz/mysqlmon,2018-08-21T15:29:59Z,1,1,Shell,True,True,
khailey-zz,khailey-zz/netperf,2013-03-01T06:30:12Z,1,1,Shell,True,True,
khailey-zz,khailey-zz/Oracle-DBA-Scripts,2012-12-21T00:31:37Z,3,3,,True,True,
khailey-zz,khailey-zz/oraclelatencymap,2013-05-10T20:49:17Z,0,0,,True,True,
khailey-zz,khailey-zz/oracle_trace_parsing,2012-07-17T22:58:02Z,16,16,Shell,True,True,
khailey-zz,khailey-zz/oramon,2012-07-26T04:02:52Z,23,23,Shell,True,True,
khailey-zz,khailey-zz/orasash,2012-07-25T23:49:51Z,5,5,Shell,True,True,
khailey-zz,khailey-zz/pgmon,2017-03-08T20:21:02Z,6,6,Shell,True,True,
khailey-zz,khailey-zz/pgmon.sh,2018-08-20T23:03:20Z,3,3,Shell,True,True,
khailey-zz,khailey-zz/spark,2013-04-04T20:25:08Z,0,0,Shell,True,True,MIT License
khailey-zz,khailey-zz/sqltuning,2015-06-19T18:14:21Z,18,18,PLSQL,True,True,
khailey-zz,khailey-zz/swingbenchsh,2013-04-07T07:09:10Z,0,0,Shell,True,True,
khailey-zz,khailey-zz/tcpdump,2012-08-13T19:48:57Z,1,1,Perl,True,True,
khailey-zz,khailey-zz/topaas,2013-02-17T05:14:32Z,1,1,,True,True,
khailey-zz,khailey-zz/ttcp,2013-03-02T00:25:00Z,0,0,Shell,True,True,
khailey-zz,khailey-zz/wash,2012-08-13T19:42:44Z,7,7,JavaScript,True,True,
buba447,buba447/BBColorPicker,2013-11-11T19:38:25Z,49,49,Objective-C,True,True,
buba447,buba447/dabes_engine,2013-06-08T20:37:27Z,0,0,C,True,True,
buba447,buba447/daworse,2013-06-09T15:30:46Z,0,0,C++,True,True,
buba447,buba447/FlowState,2019-03-01T20:47:51Z,9,9,Swift,True,True,MIT License
buba447,buba447/foureyes-landing,2018-09-13T16:57:46Z,0,0,HTML,True,True,MIT License
buba447,buba447/Lottie-Preview,2019-03-20T19:34:22Z,3,3,Swift,True,True,
buba447,buba447/Lottie-Sketch-Export,2018-03-14T21:00:56Z,133,133,JavaScript,True,True,Apache License 2.0
buba447,buba447/mayaMidiConnect,2015-11-24T05:03:25Z,0,0,Objective-C,True,True,
buba447,buba447/mConnect,2015-12-08T19:26:03Z,0,0,Objective-C,True,True,
buba447,buba447/MSelect,2016-08-10T02:28:39Z,0,0,Objective-C,True,True,
buba447,buba447/Perfective,2014-05-08T04:35:46Z,0,0,C,True,True,
buba447,buba447/react-native,2016-05-12T23:57:14Z,0,0,Java,True,True,Other
buba447,buba447/simpsonstv,2021-08-27T19:58:14Z,69,69,Python,True,True,
buba447,buba447/solartracer-485,2018-05-08T17:24:04Z,30,30,C,True,True,Apache License 2.0
buba447,buba447/UIToolBox,2018-11-29T22:57:15Z,12,12,Swift,True,True,MIT License
Team254,Team254/AppTemplate,2013-07-29T18:58:39Z,1,1,HTML,True,True,
Team254,Team254/Arduinex,2018-06-19T23:59:46Z,0,0,C,True,True,
Team254,Team254/cheesy-action-items,2013-05-28T18:03:17Z,0,0,CSS,True,True,"BSD 2-Clause ""Simplified"" License"
Team254,Team254/cheesy-arena,2014-05-09T04:54:59Z,158,158,Go,True,True,Other
Team254,Team254/cheesy-arena-lite,2021-05-16T17:41:01Z,14,14,Go,True,True,Other
Team254,Team254/cheesy-arena-rpi,2018-09-17T02:17:02Z,2,2,Go,False,False,MIT License
Team254,Team254/cheesy-common,2016-06-20T02:09:26Z,0,0,Ruby,True,True,
Team254,Team254/cheesy-hours,2013-09-15T02:11:11Z,12,12,HTML,True,True,
Team254,Team254/cheesy-mail,2016-05-19T03:20:49Z,2,2,Go,True,True,
Team254,Team254/cheesy-parts,2012-12-03T06:14:23Z,22,22,HTML,True,True,"BSD 2-Clause ""Simplified"" License"
Team254,Team254/CheesyVision,2014-04-07T20:45:32Z,23,23,Python,True,True,
Team254,Team254/chezy-champs-website,2015-06-14T17:29:25Z,3,3,SCSS,True,True,
Team254,Team254/ControlLoops,2014-01-21T06:45:24Z,2,2,Python,True,True,
Team254,Team254/FRC-2011,2011-08-04T01:47:53Z,12,12,C++,True,True,"BSD 2-Clause ""Simplified"" License"
Team254,Team254/FRC-2012,2012-01-11T16:39:41Z,22,22,C++,True,True,"BSD 2-Clause ""Simplified"" License"
Team254,Team254/FRC-2013,2012-11-19T04:18:08Z,25,25,JavaScript,True,True,"BSD 2-Clause ""Simplified"" License"
Team254,Team254/FRC-2014,2013-11-27T23:04:12Z,44,44,JavaScript,True,True,
Team254,Team254/FRC-2015,2014-12-10T20:34:44Z,28,28,JavaScript,True,True,MIT License
Team254,Team254/FRC-2016-Public,2016-09-13T04:25:08Z,46,46,C++,True,True,MIT License
Team254,Team254/FRC-2017-Public,2017-08-25T05:51:11Z,87,87,C++,True,True,MIT License
Team254,Team254/FRC-2018-Public,2018-07-07T02:37:59Z,72,72,Java,True,True,MIT License
Team254,Team254/FRC-2019-Offseason-Public,2019-12-11T05:39:52Z,11,11,Java,True,True,MIT License
Team254,Team254/FRC-2019-Public,2019-08-12T18:10:24Z,66,66,Java,True,True,MIT License
Team254,Team254/FRC-2020-Public,2022-01-08T06:54:18Z,16,16,Java,True,True,MIT License
Team254,Team254/FRC-2022-Public,2023-01-05T23:49:50Z,35,35,Java,True,True,MIT License
Team254,Team254/FRC-2023-Public,2023-10-10T01:45:56Z,26,26,Java,True,False,MIT License
Team254,Team254/FRC-2024-Public,2024-10-04T04:29:17Z,19,19,Java,True,False,MIT License
Team254,Team254/pitdisplay,2013-03-27T22:03:39Z,1,1,HTML,True,True,
Team254,Team254/pixy,2017-01-12T00:58:18Z,2,2,C,True,True,Other
Team254,Team254/rplidar_sdk,2018-01-15T22:28:29Z,1,1,C++,True,True,
Team254,Team254/SDS-Mag-Public,2022-01-07T03:22:42Z,6,6,Java,True,True,Other
Team254,Team254/Sim-FRC-2015,2015-01-11T05:09:35Z,5,5,Java,True,True,MIT License
Team254,Team254/TrajectoryLib,2014-02-02T02:38:57Z,31,31,Java,True,True,
Team254,Team254/VEX-Common,2015-08-01T01:36:49Z,0,0,C,True,True,
dylhunn,dylhunn/257-max-3sat,2017-03-10T21:11:39Z,1,1,C,True,True,GNU General Public License v3.0
dylhunn,dylhunn/angular,2021-04-30T18:49:01Z,1,1,TypeScript,True,False,MIT License
dylhunn,dylhunn/awesome-love2d,2018-01-17T18:44:07Z,0,0,,True,False,Creative Commons Zero v1.0 Universal
dylhunn,dylhunn/better-lichess-charts,2017-12-20T21:29:32Z,7,7,TypeScript,True,True,GNU General Public License v3.0
dylhunn,dylhunn/blueprint,2017-07-26T17:52:21Z,0,0,TypeScript,True,True,Other
dylhunn,dylhunn/clop-chess-example-config,2017-05-23T01:53:01Z,0,0,C++,True,True,
dylhunn,dylhunn/components,2022-03-03T03:20:00Z,0,0,,True,True,MIT License
dylhunn,dylhunn/dev-infra,2022-02-04T06:21:27Z,0,0,,True,False,MIT License
dylhunn,dylhunn/dragontooth,2017-05-09T09:42:54Z,4,4,Go,True,True,GNU General Public License v3.0
dylhunn,dylhunn/dragontoothmg,2017-04-26T19:17:18Z,47,47,Go,True,True,GNU General Public License v3.0
dylhunn,dylhunn/fb-message-counts,2016-10-02T02:53:17Z,0,0,JavaScript,True,True,
dylhunn,dylhunn/music256a-assign1,2016-10-08T02:36:52Z,1,1,C++,True,True,
dylhunn,dylhunn/netflix-chill-android,2015-10-10T08:51:01Z,0,0,Java,True,True,
dylhunn,dylhunn/netflix-chill-server,2015-10-10T08:47:00Z,0,0,Python,True,True,
dylhunn,dylhunn/ng-party-demo,2022-03-23T07:16:46Z,1,1,TypeScript,True,True,
dylhunn,dylhunn/sabertooth,2016-07-13T19:13:50Z,1,1,CSS,True,True,
dylhunn,dylhunn/sabertooth-source,2016-06-04T08:07:57Z,3,3,C,True,True,GNU General Public License v3.0
dylhunn,dylhunn/simple-love-lights,2018-01-17T18:39:34Z,26,26,Lua,True,True,MIT License
dylhunn,dylhunn/surge,2021-05-23T01:46:07Z,0,0,,True,True,MIT License
dylhunn,dylhunn/tensorboard,2022-04-11T17:23:47Z,0,0,,True,False,Apache License 2.0
dylhunn,dylhunn/treehacks-turing,2015-02-21T19:55:36Z,1,1,HTML,True,True,
dylhunn,dylhunn/typed-forms-example-app,2021-11-29T21:37:15Z,1,1,TypeScript,True,True,
dylhunn,dylhunn/vscode-ng-language-service,2022-07-20T21:30:53Z,0,0,TypeScript,True,True,MIT License
dylhunn,dylhunn/woodstock-server,2016-03-02T04:01:17Z,0,0,Java,True,True,Other
royerloic,royerloic/07_failure_modes,2021-09-26T03:28:12Z,0,0,Jupyter Notebook,True,True,
royerloic,royerloic/AdaMeshAndGSlic,2012-07-01T13:53:49Z,1,1,Java,True,True,
royerloic,royerloic/aydin,2022-03-09T00:37:56Z,0,0,Python,True,True,"BSD 3-Clause ""New"" or ""Revised"" License"
royerloic,royerloic/BadTrack,2016-12-10T18:09:17Z,0,0,Java,True,True,
royerloic,royerloic/dexp,2022-03-12T22:06:27Z,0,0,,True,True,"BSD 3-Clause ""New"" or ""Revised"" License"
royerloic,royerloic/human-eval-bia,2024-08-13T05:17:58Z,0,0,Jupyter Notebook,True,False,MIT License
royerloic,royerloic/JLargeArrays,2014-08-07T09:40:08Z,0,0,Java,True,True,Other
royerloic,royerloic/JTransforms,2014-08-07T10:19:28Z,0,0,Java,True,True,Other
royerloic,royerloic/napari,2023-07-21T23:10:24Z,0,0,,True,True,"BSD 3-Clause ""New"" or ""Revised"" License"
royerloic,royerloic/napari-nasa-samples,2022-07-12T17:52:20Z,5,5,Python,True,True,Mozilla Public License 2.0
royerloic,royerloic/orionlib,2015-03-13T01:19:58Z,0,0,Java,True,False,
royerloic,royerloic/pyopencl,2020-01-09T23:23:25Z,0,0,,True,False,Other
royerloic,royerloic/spimagine,2018-05-31T16:18:50Z,0,0,Python,True,True,"BSD 3-Clause ""New"" or ""Revised"" License"
royerloic,royerloic/staged-recipes,2024-02-20T18:09:01Z,0,0,Python,True,False,"BSD 3-Clause ""New"" or ""Revised"" License"
royerloic,royerloic/ultrack,2024-07-01T21:31:28Z,0,0,,True,True,"BSD 3-Clause ""New"" or ""Revised"" License"
dalzuga,dalzuga/airbnb_clone,2016-07-14T21:07:55Z,0,0,Python,True,True,
dalzuga,dalzuga/Betty,2016-07-18T09:52:51Z,0,0,Perl,True,True,GNU General Public License v3.0
dalzuga,dalzuga/Betty-on-Emacs,2017-06-24T02:25:44Z,0,0,Emacs Lisp,True,True,
dalzuga,dalzuga/bitcoinbook,2018-02-04T17:54:37Z,1,1,Python,True,False,Other
dalzuga,dalzuga/cisfun,2016-05-04T19:03:03Z,0,0,C,True,True,
dalzuga,dalzuga/CodinGame,2016-03-02T00:34:48Z,0,0,C,True,True,
dalzuga,dalzuga/Crickulator,2016-09-12T16:21:19Z,0,0,Python,True,True,
dalzuga,dalzuga/Cwalk,2016-03-18T22:46:09Z,0,0,PHP,True,True,
dalzuga,dalzuga/dalzuga.github.io,2016-05-02T21:59:42Z,0,0,HTML,True,True,
dalzuga,dalzuga/deep-learning,2016-02-05T21:15:41Z,1,1,JavaScript,True,True,
dalzuga,dalzuga/discover-bootstrap,2016-04-26T15:29:10Z,0,0,JavaScript,True,True,
dalzuga,dalzuga/discover-git,2016-01-24T21:53:58Z,1,1,,True,True,
dalzuga,dalzuga/discover-go,2016-03-05T21:26:43Z,1,1,Go,True,True,
dalzuga,dalzuga/dotfiles,2016-03-24T23:28:40Z,0,0,Emacs Lisp,True,True,
dalzuga,dalzuga/gameoftelephone,2016-01-26T01:28:03Z,0,0,C,True,True,
dalzuga,dalzuga/go_parser,2016-12-07T20:26:51Z,0,0,Go,True,True,
dalzuga,dalzuga/holberton,2016-02-04T02:04:19Z,0,0,Shell,True,True,
dalzuga,dalzuga/holberton-level2-application,2015-12-23T08:24:09Z,1,1,HTML,True,True,
dalzuga,dalzuga/holberton-school-reefinery,2016-01-30T20:45:18Z,1,1,C,True,True,
dalzuga,dalzuga/holbertonschool-datastructures_algorithms,2018-05-11T03:30:28Z,0,0,C,True,True,
dalzuga,dalzuga/holbertonschool-deep_learning,2016-04-05T21:55:25Z,1,1,,True,True,
dalzuga,dalzuga/holbertonschool-higher_level_programming,2016-02-06T17:24:15Z,2,2,Python,True,True,
dalzuga,dalzuga/holbertonschool-linux_programming,2018-01-22T20:20:10Z,2,2,C,True,True,
dalzuga,dalzuga/holbertonschool-low_level_programming,2016-01-30T20:04:48Z,2,2,C,True,True,
dalzuga,dalzuga/holbertonschool-reverse_engineering,2016-02-23T21:41:30Z,1,1,,True,True,
dalzuga,dalzuga/holbertonschool-sysadmin_devops,2016-01-24T18:05:22Z,1,1,Shell,True,True,
dalzuga,dalzuga/holbertonschool-twitter_clone-0.1.0-1,2016-04-05T19:47:17Z,0,0,HTML,True,True,
dalzuga,dalzuga/iTerm2-Color-Schemes,2016-01-27T22:12:42Z,0,0,,True,True,
dalzuga,dalzuga/maze,2016-10-06T21:23:01Z,1,1,C,True,True,
dalzuga,dalzuga/newsletter1999,2016-01-31T03:42:16Z,0,0,,True,True,
dalzuga,dalzuga/printf,2017-04-14T18:31:30Z,0,0,C,True,True,
dalzuga,dalzuga/s3hackathon,2016-10-12T19:07:18Z,1,1,JavaScript,True,True,
dalzuga,dalzuga/shell-v2,2018-03-03T04:34:53Z,0,0,C,True,True,
dalzuga,dalzuga/Simple-Golang-API-Template,2016-07-14T20:32:59Z,0,0,Go,True,True,
dalzuga,dalzuga/simple-twitter,2016-04-16T00:35:28Z,0,0,PHP,True,True,
dalzuga,dalzuga/simple_shell,2017-04-02T10:19:02Z,0,0,C,True,True,
dalzuga,dalzuga/twitter-clone-adventure,2016-02-01T23:11:34Z,0,0,HTML,True,True,
dalzuga,dalzuga/twitter_clone-DA-SS,2016-03-07T05:54:44Z,0,0,HTML,True,True,
dalzuga,dalzuga/wcc,2018-06-22T19:47:53Z,0,0,C,True,True,Other
dalzuga,dalzuga/word_challenge,2016-08-10T09:57:31Z,0,0,C,True,True,
dalzuga,dalzuga/your_first_code,2015-12-08T04:55:17Z,0,0,C,True,True,
chrispederick,chrispederick/user-agent-switcher,2011-01-04T22:55:51Z,98,98,JavaScript,True,False,
chrispederick,chrispederick/web-developer,2010-03-19T18:00:04Z,725,725,JavaScript,False,False,GNU General Public License v3.0
